courseId,aliasTerm,canonicalDisplayTerm,classification,explanation,source
course_5_la_magna_carta_1215,1204 г.,Загубата на Нормандия (1204 г.),evenementConnexe,"Голямо събитие, при което Джон Лакланд губи владенията си от Филип II Август, провокирайки фискалната криза в началото на Магна Харта (1215 г.).",short_form
course_5_la_magna_carta_1215,загуба на Нормандия,загуба на Нормандия (1204 г.),evenementConnexe,"Голямо събитие, при което Джон Лакланд губи владенията си от Филип II Август, провокирайки фискалната криза в началото на Магна Харта (1215 г.).",short_form
course_6_la_peste_noire_en_europe_1347_1353,Еврейски погроми,Еврейски погроми (1348-1349),evenementConnexe,"Обвинени в отравяне на кладенци, десетки хиляди евреи са избити в Германия и Франция по време на чумата. Папа Климент VI ги защити, но беше малко чут в опустошените градове, търсещи изкупителни жертви.",short_form
course_7_jeanne_d_arc_et_la_guerre_de_cent_ans_14,1420 г.,Договорът от Троа (1420 г.),evenementConnexe,"Споразумение, с което Карл VI от Франция лишава от наследство сина си, дофина Чарлз, в полза на краля на Англия Хенри V, създавайки френско-английски династичен съюз.",short_form
course_8_la_chute_de_constantinople_1453,1204 г.,Разграбването на Константинопол от 4-ия кръстоносен поход (1204 г.),evenementConnexe,"Кръстоносците, отклонени от Венеция, плячкосват християнския Константинопол за три дни през 1204 г. Тази травма трайно отслабва Византия и обяснява византийското недоверие към Запада по време на обсадата от 1453 г.",short_form
course_8_la_chute_de_constantinople_1453,разграбване на Константинопол от 4-ия кръстоносен поход,разграбване на Константинопол от 4-ия кръстоносен поход (1204 г.),evenementConnexe,"Кръстоносците, отклонени от Венеция, плячкосват християнския Константинопол за три дни през 1204 г. Тази травма трайно отслабва Византия и обяснява византийското недоверие към Запада по време на обсадата от 1453 г.",short_form
course_10_la_decouverte_de_l_amerique_1492,1494 г.,Договорът от Тордесилас (1494 г.),evenementConnexe,"Споразумение, арбитражирано от папата, разделящо света на две сфери на влияние между Испания (запад) и Португалия (изток).",short_form
course_10_la_decouverte_de_l_amerique_1492,Испанска Реконкиста,Испанска Реконкиста (1492),evenementConnexe,"Триумфът от превземането на Гранада освободи ресурси и създаде импулс на национална амбиция, което обяснява подкрепата на Изабела от Кастилия за Колумб.",short_form
course_12_la_strategie_de_napoleon_a_ulm_1805,21 октомври 1805 г.,Битката при Трафалгар (21 октомври 1805 г.),evenementConnexe,"Решителната морска победа на Нелсън над френско-испанския флот, същата седмица като Улм. Той слага край на плановете за нахлуване в Англия и обяснява защо Наполеон никога не може да победи британската морска сила.",short_form
course_14_la_commune_de_paris_1871,Първи интернационал,Международната асоциация на работниците (Първи интернационал),lieuInstitution,"Организация, основана в Лондон през 1864 г., обединяваща профсъюзи и работнически партии от няколко страни. Въпреки че Комуната не е нейно пряко дело, Маркс я празнува като първото преживяване на властта на работниците.",short_form
course_19_la_bataille_de_stalingrad_1942_1943,22 юни 1941 г.,Операция Барбароса (22 юни 1941 г.),evenementConnexe,Нахлуването на СССР от Германия: 3 милиона войници на фронт от 3000 км - най-голямата военна операция в историята. Неуспехът да превземе Москва през 1941 г. принуди Хитлер да пренасочи усилията си към юга и кавказкия нефт през 1942 г.,short_form
course_20_hiroshima_et_nagasaki_1945,9 август 1945 г.,Съветското нахлуване в Манджурия (9 август 1945 г.),evenementConnexe,"Сталин обявява война на Япония точно в деня на бомбата в Нагасаки, нахлувайки в Манджурия. Някои историци смятат, че тази съветска заплаха е била толкова решаваща, колкото и бомбите в решението на Япония да се предаде.",short_form
course_21_rosa_parks_et_montgomery_1955,Brown v. Board of Education,Brown v. Board of Education (1954),evenementConnexe,"Решение на Върховния съд на САЩ, обявяващо сегрегацията в държавните училища за противоконституционна. Това решение даде правен импулс на Движението за граждански права и обяснява защо Монтгомъри също беше оспорван в съдилищата.",short_form
course_22_la_crise_des_missiles_de_cuba_1962,MAD,Взаимно гарантирано унищожение (MAD),concept,"Ядрена доктрина, според която нито САЩ, нито СССР могат да оцелеят в ядрена война. Тази логика на балансиран терор възпира всички от атака и структурира цялата динамика на кубинската криза.",short_form
course_22_la_crise_des_missiles_de_cuba_1962,април 1961 г.,Нашествието в Залива на прасетата (април 1961 г.),evenementConnexe,"Неуспешен опит за нахлуване в Куба от кубински изгнаници, обучени от ЦРУ. Унизителният провал отслабва Кенеди, насърчава Хрушчов да поема рискове и укрепва Кастро, създавайки условия за кризата от 1962 г.",short_form
course_22_la_crise_des_missiles_de_cuba_1962,Нашествието в Залива на прасетата,Нашествието в Залива на прасетата (април 1961 г.),evenementConnexe,"Неуспешен опит за нахлуване в Куба от кубински изгнаници, обучени от ЦРУ. Унизителният провал отслабва Кенеди, насърчава Хрушчов да поема рискове и укрепва Кастро, създавайки условия за кризата от 1962 г.",short_form
course_23_la_guerre_d_algerie_1954_1962,април 1961 г.,Пучът на генералите (април 1961 г.),evenementConnexe,"Опит за държавен преврат от четирима генерали, които се противопоставят на независимостта. Де Гол го смаза за четири дни благодарение на реч по радиото. Това беше последвано от създаването на OAS, профренска алжирска терористична организация.",short_form
course_23_la_guerre_d_algerie_1954_1962,генералски пуч,генералски пуч (април 1961 г.),evenementConnexe,"Опит за държавен преврат от четирима генерали, които се противопоставят на независимостта. Де Гол го смаза за четири дни благодарение на реч по радиото. Това беше последвано от създаването на OAS, профренска алжирска терористична организация.",short_form
course_24_la_bataille_de_dien_bien_phu_1954,юли 1954 г.,Женевските споразумения (юли 1954 г.),evenementConnexe,"Споразумения, слагащи край на войната в Индокитай: Виетнам е разделен на 17-ия паралел. Изборите за обединение, насрочени за 1956 г., така и не бяха проведени, засяват семената на американската война, която трябваше да последва.",short_form
course_25_le_genocide_armenien_1915_1916,Младите турци,Младите турци (Комитет за единство и прогрес),referenceHistorique,"Турско националистическо движение, което свали султан Абдул Хамид II през 1908 г. Триумвиратът Енвер-Талаат-Джемал, екстремистки националисти, организира геноцида в контекста на войната, в проект за „етнически чиста Турция“.",short_form
course_25_le_genocide_armenien_1915_1916,Младотурци,Младотурци (Комитет за единство и прогрес),referenceHistorique,"Турско националистическо движение, което свали султан Абдул Хамид II през 1908 г. Триумвиратът Енвер-Талаат-Джемал, екстремистки националисти, организира геноцида в контекста на войната, в проект за „етнически чиста Турция“.",short_form
course_26_la_creation_de_l_onu_1945,февруари 1945 г.,Ялтенската конференция (февруари 1945 г.),evenementConnexe,"Среща между Рузвелт, Чърчил и Сталин, поставяща основите на следвоенния световен ред: разделяне на Европа на зони на влияние, условия за навлизане на СССР срещу Япония, структура на ООН, която предстои да бъде създадена.",short_form
course_26_la_creation_de_l_onu_1945,Ялтенска конференция,Ялтенска конференция (февруари 1945 г.),evenementConnexe,"Среща между Рузвелт, Чърчил и Сталин, поставяща основите на следвоенния световен ред: разделяне на Европа на зони на влияние, условия за навлизане на СССР срещу Япония, структура на ООН, която предстои да бъде създадена.",short_form
course_26_la_creation_de_l_onu_1945,Международен съд,Международен съд (МС),lieuInstitution,"Съдебният орган на ООН със седалище в Хага, който разрешава спорове между държави. За разлика от МНС (който съди физически лица), той съди държави. Решенията му са задължителни, но няма механизъм за изпълнение.",short_form
course_27_la_naissance_de_l_ue_de_la_ceca_a_maastr,1992 г.,Договорът от Маастрихт (1992 г.),evenementConnexe,"Учредителен договор на Европейския съюз, създаващ европейско гражданство, стартиращ процеса на единна валута (еврото през 2002 г.), установяващ обща външна политика и строги критерии за икономическа конвергенция.",short_form
course_27_la_naissance_de_l_ue_de_la_ceca_a_maastr,Договорът от Маастрихт,Договорът от Маастрихт (1992 г.),evenementConnexe,"Учредителен договор на Европейския съюз, създаващ европейско гражданство, стартиращ процеса на единна валута (еврото през 2002 г.), установяващ обща външна политика и строги критерии за икономическа конвергенция.",short_form
course_27_la_naissance_de_l_ue_de_la_ceca_a_maastr,Договор от Маастрихт,Договор от Маастрихт (1992 г.),evenementConnexe,"Учредителен договор на Европейския съюз, създаващ европейско гражданство, стартиращ процеса на единна валута (еврото през 2002 г.), установяващ обща външна политика и строги критерии за икономическа конвергенция.",short_form
course_28_le_genocide_rwandais_1994,август 1993 г.,Споразуменията от Аруша (август 1993 г.),evenementConnexe,"Мирно споразумение между правителството на Хуту и ​​RPF (Патриотичен фронт на Руанда). Екстремистите хуту, отказвайки всякакво споделяне на властта, организираха геноцида, за да попречат на неговото прилагане.",short_form
course_28_le_genocide_rwandais_1994,Руандийски патриотичен фронт,Руандийски патриотичен фронт (RPF),concept,"Политическо и военно движение, създадено от изгнаници тутси в Уганда. Водена от Пол Кагаме, тя започна офанзивата, сложила край на геноцида през юли 1994 г.",short_form
course_28_le_genocide_rwandais_1994,Споразумения от Аруша,Споразумения от Аруша (август 1993 г.),evenementConnexe,"Мирно споразумение между правителството на Хуту и ​​RPF (Патриотичен фронт на Руанда). Екстремистите хуту, отказвайки всякакво споделяне на властта, организираха геноцида, за да попречат на неговото прилагане.",short_form
course_29_la_chute_du_mur_de_berlin_1989,август 1968 г.,Пражката пролет (август 1968 г.),evenementConnexe,"Либерална реформа на комунизма в Чехословакия, смазана от нашествието на съветските танкове. Следователно решението на Горбачов да не повтори тази интервенция през 1989 г. беше исторически революционно.",short_form
course_29_la_chute_du_mur_de_berlin_1989,Пражка пролет,Пражка пролет (август 1968 г.),evenementConnexe,"Либерална реформа на комунизма в Чехословакия, смазана от нашествието на съветските танкове. Следователно решението на Горбачов да не повтори тази интервенция през 1989 г. беше исторически революционно.",short_form
course_30_la_blitzkrieg_1940,сърпове,Планът Sichelschnitt (сърпове),concept,"Планът на генерал фон Манщайн: съсредоточаване на бронирани части в Ардените, за да пробият центъра и да достигнат Ламанша, обкръжавайки френско-британските армии, ангажирани в Белгия. Смел и рискован, този план беше пълен успех.",short_form
course_30_la_blitzkrieg_1940,Планът Sichelschnitt,Планът Sichelschnitt (сърпове),concept,"Планът на генерал фон Манщайн: съсредоточаване на бронирани части в Ардените, за да пробият центъра и да достигнат Ламанша, обкръжавайки френско-британските армии, ангажирани в Белгия. Смел и рискован, този план беше пълен успех.",short_form
course_30_la_blitzkrieg_1940,сърповидно рязане,План Sichelschnitt (сърповидно рязане),concept,"Планът на генерал фон Манщайн: съсредоточаване на бронирани части в Ардените, за да пробият центъра и да достигнат Ламанша, обкръжавайки френско-британските армии, ангажирани в Белгия. Смел и рискован, този план беше пълен успех.",short_form
course_30_la_blitzkrieg_1940,План Sichelschnitt,План Sichelschnitt (сърповидно рязане),concept,"Планът на генерал фон Манщайн: съсредоточаване на бронирани части в Ардените, за да пробият центъра и да достигнат Ламанша, обкръжавайки френско-британските армии, ангажирани в Белгия. Смел и рискован, този план беше пълен успех.",short_form
course_32_la_guerre_du_vietnam_1955_1975,януари 1968 г.,Офанзивата Тет (януари 1968 г.),evenementConnexe,"Едновременна атака от Виет Конг над повече от 100 американски града по време на виетнамската Нова година. Военен провал за Ханой, той унищожи доверието в администрацията на Джонсън в Съединените щати.",short_form
course_32_la_guerre_du_vietnam_1955_1975,Тетска офанзива,Тетска офанзива (януари 1968 г.),evenementConnexe,"Едновременна атака на Виет Конг срещу повече от 100 града, контролирани от Америка по време на виетнамската Нова година. Военен провал за Ханой, той унищожи доверието в администрацията на Джонсън в Съединените щати.",short_form
course_33_le_proces_de_nuremberg_1945_1946,МНС,Международният наказателен съд (МНС),lieuInstitution,"Наследник на Нюрнбергските принципи, създадени през 2002 г. с Римския статут за съдене на геноцид, престъпления срещу човечеството и военни престъпления. 124 страни са го ратифицирали, но не и САЩ, Русия или Китай.",short_form
course_34_la_decolonisation_panorama_1945_1975,1941 г.,Атлантическата харта (1941 г.),concept,"Съвместна декларация на Рузвелт-Чърчил, потвърждаваща правото на народите на самоопределение. Използван от движенията за независимост като аргумент срещу техните колонизатори, той създава идеологическо противоречие, което империите не могат да разрешат.",short_form
course_34_la_decolonisation_panorama_1945_1975,1955 г.,Конференцията в Бандунг (1955 г.),evenementConnexe,"Първа среща на независими азиатски и африкански държави (29 нации), утвърждаващи принципите на необвързаност и антиколониализъм. Той бележи раждането на ""Третия свят"" като международна политическа сила.",short_form
course_35_l_apartheid_et_mandela_1948_1994,март 1960 г.,Клането в Шарпвил (март 1960 г.),evenementConnexe,"Полицията откри огън по мирна демонстрация срещу законите, убивайки 69 души. Глобалният шок доведе до забраната на ANC и накара Мандела да създаде въоръжено крило на съпротивата.",short_form
course_37_la_shoah_mecanismes_d_un_genocide,януари 1942 г.,Конференцията във Ванзее (януари 1942 г.),evenementConnexe,"Среща на 15 високопоставени нацистки служители, на която е планирано и координирано „Окончателното решение“: систематичното унищожаване на европейските евреи чрез лагерите на смъртта. То показа, че геноцидът е бюрократично организирано държавно решение.",short_form
course_37_la_shoah_mecanismes_d_un_genocide,„Баналността на злото“,„Баналността на злото“ (Хана Аренд),concept,"Философска концепция, развита по време на процеса срещу Айхман: най-лошите престъпления могат да бъдат извършени от обикновени, бюрократични индивиди, които „вършат работата си“, без да се замислят върху моралните последици от действията си.",short_form
course_37_la_shoah_mecanismes_d_un_genocide,Конференция във Ванзее,Конференция във Ванзее (януари 1942 г.),evenementConnexe,"Среща на 15 високопоставени нацистки служители, на която е планирано и координирано „Окончателното решение“: систематичното унищожаване на европейските евреи чрез лагерите на смъртта. То показа, че геноцидът е бюрократично организирано държавно решение.",short_form
course_37_la_shoah_mecanismes_d_un_genocide,"""баналност на злото""","""баналност на злото"" (Хана Аренд)",concept,"Философска концепция, развита по време на процеса срещу Айхман: най-лошите престъпления могат да бъдат извършени от обикновени, бюрократични индивиди, които „вършат работата си“, без да се замислят върху моралните последици от действията си.",short_form
course_38_le_11_septembre_2001,Съветско-афганистанска война,Съветско-афганистанска война (1979-1989),referenceHistorique,"Съединените щати въоръжиха афганистанските муджахидини, за да се бият срещу Съветите. Тези ислямистки мрежи, особено тази на Бин Ладен, обучени и финансирани по време на Студената война, впоследствие се превърнаха в Ал-Кайда.",short_form
course_38_le_11_septembre_2001,Война в Ирак,Война в Ирак (2003),evenementConnexe,"Американска инвазия въз основа на фалшива информация за оръжия за масово унищожение. То дестабилизира Близкия изток, демонтира иракските държавни структури и създаде вакуума, в който се появи Ислямска държава (ИДИС).",short_form
course_40_la_guerre_de_secession_americaine_1861_1,1 януари 1863 г.,Прокламацията за еманципация (1 януари 1863 г.),evenementConnexe,"Указ на Линкълн за освобождаване на роби в Конфедеративните щати. Той превърна войната в морален кръстоносен поход срещу робството, попречи на Великобритания да признае Конфедерацията и отвори армията за черни войници.",short_form
course_42_pourquoi_reve_t_on,бързо движение на очите,REM сън (бързо движение на очите),concept,"Фаза на съня, характеризираща се с бързи движения на очите, мускулна парализа и интензивна мозъчна дейност, близка до будност. Това е фазата, в която се случват повечето сънища и в която консолидацията на паметта е най-активна.",short_form
course_45_pourquoi_y_a_t_il_des_saisons,"23,5°","Наклон на земната ос (23,5°)",concept,"Наклонът от 23,5° на земната ос спрямо нейната орбитална равнина - а не разстоянието от Слънцето - причинява сезоните. Същият наклон винаги сочи към Полярната звезда, последователно създавайки слънцестоене и равноденствие.",short_form
course_52_la_decouverte_de_l_electricite_et_ses_ap,Война на теченията,Война на теченията (Едисън срещу Тесла),evenementConnexe,"Едисон защитава постоянен ток (DC), Тесла и Уестингхаус променлив ток (AC). AC спечели, защото може да се транспортира на дълги разстояния. Едисън организира публични електрически удари на животни, за да демонстрира ""опасността"" от AC.",short_form
course_57_l_invention_d_internet,1957 г.,изстрелване на Спутник (1957 г.),evenementConnexe,"Първият съветски изкуствен спътник, изстрелването му предизвика ударна вълна в Съединените щати. Този страх доведе до създаването на ARPA и косвено ARPANET – прародителя на интернет – за поддържане на децентрализирани комуникации в случай на ядрена атака.",short_form
course_57_l_invention_d_internet,изстрелване на Спутник,изстрелване на Спутник (1957 г.),evenementConnexe,"Първият съветски изкуствен спътник, изстрелването му предизвика ударна вълна в Съединените щати. Този страх доведе до създаването на ARPA и косвено ARPANET – прародителя на интернет – за поддържане на децентрализирани комуникации в случай на ядрена атака.",short_form
course_59_la_decouverte_de_l_anesthesie,Испанска Реконкиста,Испанска Реконкиста (1492),evenementConnexe,"Триумфът от превземането на Гранада освободи ресурси и създаде импулс на национална амбиция, което обяснява подкрепата на Изабела от Кастилия за Колумб.",short_form
course_59_la_decouverte_de_l_anesthesie,1494 г.,Договорът от Тордесилас (1494 г.),evenementConnexe,"Споразумение, решено от папата, разделящо света на две сфери на влияние между Испания (запад) и Португалия (изток).",short_form
course_59_la_decouverte_de_l_anesthesie,Semmelweis и Lister,Антисепсия (Semmelweis и Lister),concept,"Дори преди анестезията следоперативните инфекции са убивали пациенти. Semmelweis (1847), след това Lister (1867) налагат хигиена: измиване на ръцете, стерилизирани инструменти. Тези две революции - анестезия и антисептика - трансформират хирургията.",short_form
course_59_la_decouverte_de_l_anesthesie,Антисепсия,Антисепсия (Semmelweis и Lister),concept,"Дори преди анестезията следоперативните инфекции са убивали пациенти. Semmelweis (1847), след това Lister (1867) налагат хигиена: измиване на ръцете, стерилизирани инструменти. Тези две революции - анестезия и антисептика - трансформират хирургията.",short_form
course_63_comment_se_forment_les_tremblements_de_t,Рихтер/момент,Скалата на величината (Рихтер/момент),concept,"Логаритмично измерване на енергията, освободена от земетресение. Всеки градус представлява 31,6 пъти повече енергия: земетресение с магнитуд 8 освобождава 1000 пъти повече енергия от земетресение с магнитуд 6.",short_form
course_63_comment_se_forment_les_tremblements_de_t,сеизмология,Андромеда (сеизмология),concept,"Име на обширен европейски проект и мрежа от сензори, целящи да използват съществуващи подводни оптични влакна за откриване на сеизмични вибрации на океанското дъно.",short_form
course_63_comment_se_forment_les_tremblements_de_t,мащабна скала,мащабна скала (Рихтер/момент),concept,"Логаритмично измерване на енергията, освободена от земетресение. Всеки градус представлява 31,6 пъти повече енергия: земетресение с магнитуд 8 освобождава 1000 пъти повече енергия от земетресение с магнитуд 6.",short_form
course_66_y_a_t_il_de_la_vie_ailleurs_dans_l_unive,зона на Златокоска,Обитаемата зона (зона на Златокоска),concept,"Област около звезда, където температурата позволява водата да съществува в течна форма на повърхността на планетата. Нито много близо, нито твърде далеч - ""точно като Златокоска"". Нашата слънчева система има три потенциални планети: Венера, Земя, Марс.",short_form
course_76_pourquoi_les_feuilles_changent_elles_de,абцисия,Зоната на разделяне (абцисия),concept,"Слой от клетки, който се образува в основата на петурата през есента, блокирайки циркулацията на хранителни вещества. В отговор на скъсяването на дните, той се развива прогресивно, докато причини падане на листата.",short_form
course_76_pourquoi_les_feuilles_changent_elles_de,зона на разделяне,зона на разделяне (абцисия),concept,"Слой от клетки, който се образува в основата на петурата през есента, блокирайки циркулацията на хранителни вещества. В отговор на скъсяването на дните, той се развива прогресивно, докато причини падане на листата.",short_form
course_79_pourquoi_certains_sons_nous_donnent_ils,Отвореност към опит,Отвореност към опит (личност),concept,"Личностна черта, свързана с любопитството и оценяването на красотата. Хората, които са силно „отворени“, имат слухов кортекс, по-свързан с емоционалните зони и е значително по-вероятно да усетят музикални тръпки.",short_form
course_80_pourquoi_les_saisons_existent_sur_d_autr,"97,8°","Аксиалният наклон на Уран (97,8°)",concept,"Оста на Уран лежи почти хоризонтално върху неговата орбитална равнина. Всеки полюс получава около 42 години непрекъсната слънчева светлина, последвана от 42 години пълна тъмнина - екстремни и много продължителни сезони, без еквивалент в нашата слънчева система.",short_form
course_80_pourquoi_les_saisons_existent_sur_d_autr,аксиален наклон на Уран,"аксиален наклон на Уран (97,8°)",concept,"Оста на Уран лежи почти хоризонтално върху неговата орбитална равнина. Всеки полюс получава около 42 години непрекъсната слънчева светлина, последвана от 42 години пълна тъмнина - екстремни и много продължителни сезони, без еквивалент в нашата слънчева система.",short_form
course_82_l_iliade_homere,гнев,Mênis (гнев) в гръцката култура,concept,"Гневът на Ахил не е проста емоция: той е квазикосмическа сила. Първата дума на Илиада, ""Mênis"", обявява тази централна тема. Този божествен гняв, който изисква обезщетение, дестабилизира реда на света.",short_form
course_82_l_iliade_homere,Mênis  в гръцката култура,Mênis (гнев) в гръцката култура,concept,"Гневът на Ахил не е проста емоция: той е квазикосмическа сила. Първата дума на Илиада, ""Mênis"", обявява тази централна тема. Този божествен гняв, който изисква обезщетение, дестабилизира реда на света.",short_form
course_83_dipe_roi_sophocle,Едипов комплекс,Едипов комплекс (Фройд),concept,"Фройд заимства мита за Едип, за да назове несъзнателното желание на детето към родителя от противоположния пол. Тази централна психоаналитична концепция има много малко общо с рефлексията на Софокъл, която се занимава със съдбата и свободната воля.",short_form
course_93_le_rouge_et_le_noir_stendhal,Френска реставрация,Френска реставрация (1815-1830),referenceHistorique,"Период, в който Бурбоните са възстановени на трона след Ватерло. Обществото е доминирано от благородството и църквата, враждебни към революционните ценности. Стендал го вижда като общество на лицемерие и провинциална посредственост.",short_form
course_97_le_mythe_de_sisyphe_camus,Киеркегор,"Философският ""скок"" (Киеркегор)",concept,"Камю критикува „скока“, който някои философи предприемат, когато са изправени пред абсурда: скок във вярата (Киеркегор) или революционната надежда (Маркс). Тези „философски самоубийци“ избягват абсурда, вместо да се изправят честно срещу него.",short_form
course_97_le_mythe_de_sisyphe_camus,"философски ""скок""","философски ""скок"" (Киеркегор)",concept,"Камю критикува „скока“, който някои философи предприемат, когато са изправени пред абсурда: скок във вярата (Киеркегор) или революционната надежда (Маркс). Тези „философски самоубийци“ избягват абсурда, вместо да се изправят честно срещу него.",short_form
course_106_frankenstein_mary_shelley,Отговорността на твореца,Отговорността на твореца (Модерен Прометей),concept,"Подзаглавие на романа: ""Модерният Прометей"". Виктор Франкенщайн създава нещо необикновено, без да приема последствията. Истинското чудовище може да не е създанието, а неговият създател, който го изоставя при раждането.",short_form
course_106_frankenstein_mary_shelley,„Годината без лято“,„Годината без лято“ (1816),evenementConnexe,"Изригването на връх Тамбора през 1815 г. проектира пепел, която помрачи глобалната атмосфера, причинявайки мразовито лято в Европа през 1816 г. В този апокалиптичен контекст Мери Шели (18-годишна) написа Франкенщайн по време на престой на брега на Женевското езеро.",short_form
course_106_frankenstein_mary_shelley,отговорност на създателя,отговорност на създателя (Модерен Прометей),concept,"Подзаглавие на романа: ""Модерният Прометей"". Виктор Франкенщайн създава нещо необикновено, без да приема последствията. Истинското чудовище може да не е създанието, а неговият създател, който го изоставя при раждането.",short_form
course_106_frankenstein_mary_shelley,"""година без лято""","""година без лято"" (1816)",evenementConnexe,"Изригването на връх Тамбора през 1815 г. проектира пепел, която помрачи глобалната атмосфера, причинявайки мразовито лято в Европа през 1816 г. В този апокалиптичен контекст Мери Шели (18-годишна) написа Франкенщайн по време на престой на брега на Женевското езеро.",short_form
course_109_don_quichotte_cervantes,Битката при Лепанто  и пленът на Сервантес,Битката при Лепанто (1571) и пленът на Сервантес,evenementConnexe,"Сервантес се бие в битката при Лепанто и е ранен (загубва използването на лявата си ръка). Заловен от пирати през 1575 г., той е поробен в Алжир в продължение на пет години. Тези преживявания изковават писателя и подхранват хумора и дълбочината на романа.",short_form
course_110_les_raisins_de_la_colere_steinbeck,The Dust Bowl,The Dust Bowl (1930-1936),evenementConnexe,"Селскостопанска катастрофа в Големите равнини, причинена от суша и разрушителни земеделски практики. Прашни бури почерниха небето чак до Ню Йорк, принуждавайки стотици хиляди семейства („Оки“) да мигрират в Калифорния.",short_form
course_128_l_expressionnisme_munch_et_le_cri,Изригването на Кракатау  и червеното небе,Изригването на Кракатау (1883) и червеното небе,evenementConnexe,"Катастрофалното изригване на Кракатау излъчи пепел, която оцвети залезите в кърваво червено по света в продължение на месеци. Мунк отбеляза в дневника си, че е видял небе от ""кръв и огън"" - вероятно това явление.",short_form
course_128_l_expressionnisme_munch_et_le_cri,Изригване на Кракатау  и червеното небе,Изригване на Кракатау (1883) и червеното небе,evenementConnexe,"Катастрофалното изригване на Кракатау изхвърли пепел, която оцвети залезите в кървавочервено по света в продължение на месеци. Мунк отбеляза в дневника си, че е видял червено небе ""от кръв и огън"" - вероятно това явление.",short_form
course_128_l_expressionnisme_munch_et_le_cri,изригване на Кракатау  и червеното небе,изригване на Кракатау (1883) и червеното небе,evenementConnexe,"Катастрофалното изригване на Кракатау излъчи пепел, която оцвети залезите в кърваво червено по света в продължение на месеци. Мунк отбеляза в дневника си, че е видял небе от ""кръв и огън"" - вероятно това явление.",short_form
course_129_l_art_abstrait_kandinsky_et_mondrian,De Stijl,Неопластицизмът на Мондриан (De Stijl),concept,"Холандско движение, основано през 1917 г.: свеждане на изкуството до най-чистите му елементи - хоризонтални и вертикални линии, основни цветове, бяло и черно. Мондриан търси универсален визуален език извън всяка специфична култура.",short_form
course_130_le_pop_art_warhol_et_lichtenstein,аура и механично възпроизвеждане,аура и механично възпроизвеждане (Уолтър Бенджамин),concept,"Бенджамин (1935) анализира как техническото възпроизвеждане разрушава ""аурата"" на уникалното произведение. Уорхол радикализира тази идея: чрез механично възпроизвеждане на популярни образи, той поставя под въпрос самото понятие за оригинал и автор.",short_form
course_132_bob_dylan_et_la_folk_protest,Американско фолклорно възраждане,Американско фолклорно възраждане (Уди Гътри),concept,Преоткриване на традиционната американска музика от градски артисти през 50-те и 60-те години. Пийт Сийгър и Уди Гътри превърнаха фолка в саундтрака на работническите движения и движенията за граждански права. Дилън беше неговият блуден наследник.,short_form
course_147_l_architecture_gothique_les_cathedrales,теология на светлината,теология на светлината (Абат Шугер),concept,"Шугер теоретизира, че божествената светлина, канализирана през цветни витражи, издига душата към Бог. Тази ""метафизика на светлината"" вдъхнови готическата архитектура в стремежа й към все по-големи прозорци и все по-високи арки.",short_form
course_149_la_joconde,кражба на Мона Лиза,кражба на Мона Лиза (1911),evenementConnexe,"Винченцо Перуджа, служител на Лувъра, откраднал Мона Лиза и я държал в дома си във Флоренция две години. Тази кражба направи заглавия по целия свят и превърна Мона Лиза, тогава малко известна на широката публика, в най-известната картина в света.",short_form
course_152_la_liberte_guidant_le_peuple_delacroix,27-29 юли 1830 г.,Трите славни дни (27-29 юли 1830 г.),evenementConnexe,"Три революционни дни, които свалиха крал Чарлз X, който искаше да потисне свободата на печата и да намали избирателните права. Луи Филип I заема конституционния трон вместо него.",short_form
course_152_la_liberte_guidant_le_peuple_delacroix,Три славни дни,Три славни дни (27-29 юли 1830 г.),evenementConnexe,"Три революционни дни, които свалиха крал Чарлз X, който искаше да потисне свободата на печата и да намали избирателните права. Луи Филип I заема конституционния трон вместо него.",short_form
course_152_la_liberte_guidant_le_peuple_delacroix,Юлска революция,Юлска революция (27-29 юли 1830 г.),evenementConnexe,"Три революционни дни, които свалиха крал Чарлз X, който искаше да потисне свободата на печата и да намали избирателните права. Луи Филип I заема конституционния трон вместо него.",short_form
course_156_les_demoiselles_d_avignon_picasso,Le Bateau-Lavoir,Le Bateau-Lavoir (Монмартър),lieuInstitution,"Порутена сграда в Монмартър, където Пикасо е живял и творил от 1904 до 1909 г., заобиколен от художници и поети (Макс Якоб, Аполинер, Брак). Именно там, в ателие без вода и отопление, той рисува Demoiselles d'Avignon.",short_form
course_157_la_persistance_de_la_memoire_dali,Каталуния,Cap de Creus (Каталуния),lieuInstitution,"Скалист крайбрежен пейзаж на Коста Брава, видим в много от картините на Дали. Характерните ерозирани гранитни геоложки образувания на този нос подхранваха въображението му за двусмислени и топящи се форми.",short_form
course_157_la_persistance_de_la_memoire_dali,Cap de Creus,Cap de Creus (Каталуния),lieuInstitution,"Скалист крайбрежен пейзаж на Коста Брава, видим в много от картините на Дали. Характерните ерозирани гранитни геоложки образувания на този нос подхранваха въображението му за двусмислени и топящи се форми.",short_form
course_159_le_theatre_de_shakespeare,Театър Глоуб,Театър Глоуб (1599),concept,"Театър, построен на южния бряг на Темза, извън границите на лондонското сити (което забрани представленията). Осмоъгълен и отворен към небето, той приютяваше 3000 зрители, изправени („заземените“) или седнали в покритите галерии.",short_form
course_163_pandore_et_la_boite,Надежда,Елпис (Надежда),concept,"Във версията на Хезиод Надеждата остава в буркана, когато Пандора го затваря. Фундаментална неяснота: дали това е последният добронамерен дар от боговете или допълнително зло (фалшива надежда, илюзия), което измъчва хората, като ги кара да вярват, че нещата ще се подобрят?",short_form
course_167_icare_et_dedale,Hybris,Hybris (и излишък),concept,Икар въплъщава класическо високомерие: неспазване на човешките ограничения и стремеж да се издигне до нивото на боговете. Това прегрешение винаги се наказва в гръцката митология - гърците са виждали излишъка като трагична грешка par excellence.,short_form
course_169_tantale_et_son_supplice,"Ta, 73","Химическият елемент тантал (Ta, 73)",concept,"Наречен като такъв през 1802 г. от Екеберг, защото е неразтворим в киселини - като Тантал, който не може да поглъща нищо. Използва се в кондензатори за смартфони и в биосъвместими медицински протези.",short_form
course_169_tantale_et_son_supplice,химичен елемент тантал,"химичен елемент тантал (Ta, 73)",concept,"Наречен така през 1802 г. от Екеберг, защото е неразтворим в киселини - като Тантал, който не може да поглъща нищо. Използва се в кондензатори за смартфони и в биосъвместими медицински протези.",short_form
course_170_meduse_et_persee,раждането на,Пегас (раждането на),concept,"Когато Персей обезглавява Медуза, от нейната кръв се ражда крилатият кон Пегас. Той ще бъде заловен от Белерофонт с помощта на Атина и ще му позволи да победи Химера. Пегас се превърна в универсален символ на вдъхновението на поетиката.",short_form
course_173_ulysse_et_le_cyclope,Метис  в гръцката култура,Метис (хитър) в гръцката култура,concept,"Практически интелект, хитрост, способност да се обърне неблагоприятна ситуация. Одисей олицетворява метис par excellence – неговият омиров епитет е „с много хитрини“. Противопоставя се на biē (груба сила), олицетворена от Аякс.",short_form
course_175_jason_et_la_toison_d_or,днешна Грузия,Колхида (днешна Грузия),concept,"Регион на изток от Черно море, описан в гръцките митове като края на източния свят. Овчарите там са използвали овче руно, за да филтрират златото от златоносните реки на Кавказ – „златното руно“ може да е било истинско.",short_form
course_179_la_guerre_de_troie_et_le_cheval_de_bois,Троя  и археология,Троя (Хисарлък) и археология,concept,"Шлиман локализира Троя през 1870 г. в Хисарлик, Турция. Разкопките разкриват девет последователни града. Троя VIIa (около 1184 г. пр.н.е.) показва следи от огън, съвместими с разказа на Омир - Троянската война може да се е състояла.",short_form
course_179_la_guerre_de_troie_et_le_cheval_de_bois,Ностой,Завръщането на героите (Ностой),concept,"След Троянската война гръцките герои преживяват трагични завръщания: Агамемнон е убит, Аякс умира. Само Менелай намира Елена отново. Тези ""Nostoi"" образуват епичен цикъл (сега изгубен), който е толкова важен, колкото Илиада за древните гърци.",short_form
course_179_la_guerre_de_troie_et_le_cheval_de_bois,завръщането на героите,завръщането на героите (Ностой),concept,"След Троянската война гръцките герои преживяват трагични завръщания: Агамемнон е убит, Аякс умира. Само Менелай намира Елена отново. Тези ""Nostoi"" образуват епичен цикъл (сега изгубен), който е толкова важен, колкото Илиада за древните гърци.",short_form
course_180_thor_et_loki_mythologie_nordique,Прозата Еда,Прозата Еда (Снори Стурлусън),referenceHistorique,"Исландски трактат по поетика и митология от 13 век. Въпреки че е написана в християнски контекст, тя представлява най-структурираният източник за скандинавските вярвания, предназначен да запази изкуството на древната поезия.",short_form
course_180_thor_et_loki_mythologie_nordique,Снори Стурлусон,Проза Еда (Снори Стурлусон),referenceHistorique,"Исландски трактат за поетика и митология от 13-ти век. Въпреки че е написана в християнски контекст, тя представлява най-структурираният източник за скандинавските вярвания, предназначен да запази изкуството на древната поезия.",short_form
course_184_romulus_et_remus_la_fondation_de_rome,753 пр.н.е.,Ab Urbe Condita (753 пр.н.е.),concept,"Традиционната дата на основаването на Рим, изчислена от Варон през 1 век пр.н.е. Римляните са броили години ""от основаването на града"" (AUC). Тази легендарна дата съответства на монархията на седемте царе на Рим.",short_form
course_189_dionysos_le_dieu_du_vin_et_de_l_exces,Аполониевото и дионисийското,Аполониевото и дионисийското (Ницше),concept,Философска опозиция между ред/разум (Аполон) и хаос/опиянение (Дионис) като двигатели на художественото творчество.,short_form
course_189_dionysos_le_dieu_du_vin_et_de_l_exces,Аполоний и Дионисий,Аполоний и Дионисий (Ницше),concept,Философска опозиция между ред/разум (Аполон) и хаос/опиянение (Дионис) като двигатели на художественото творчество.,short_form
course_191_enee_et_la_fondation_de_rome_virgile,война на,Троя (война на),evenementConnexe,"Легендарен конфликт, противопоставящ гръцките държави срещу троянците, служещ като хронологична отправна точка за Енеида.",short_form
course_194_le_mahabharata,концепция,Бхагавад Гита (концепция),concept,"18-те глави на диалога между Кришна и Арджуна представляват основен философски текст, независим от останалата част от епоса. Кришна учи на безкористно действие (карма йога), преданост (бхакти) и знание (джняна) като пътища към освобождението.",short_form
course_195_lancelot_guenievre_et_la_table_ronde,средновековна придворна любов,средновековна придворна любов (fin'amor),concept,"Социален кодекс, прославящ тайната и недостъпна любов на рицаря към дама (често омъжена). Ланселот и Гуиневир са идеалният пример. Тази прелюбодейна страст, разрушителна, но възвишена, е в основата на средновековната литература.",short_form
course_197_les_mille_et_une_nuits_sheherazade,разказ в рамка,Вградени истории (разказ в рамка),concept,"Наративна техника: историите са вложени една в друга. Наследен от индийската традиция, той достига своя връх от Шехерезада и ще повлияе на Бокачо, Чосър, Сервантес, след това на Борхес и на постмодерния разказ.",short_form
course_197_les_mille_et_une_nuits_sheherazade,вложени истории,вложени истории (рамков разказ),concept,"Наративна техника: историите са вложени една в друга. Наследен от индийската традиция, той достига своя връх от Шехерезада и ще повлияе на Бокачо, Чосър, Сервантес, след това на Борхес и на постмодерния разказ.",short_form
course_198_sindbad_le_marin,западен паралел,Марко Поло (западен паралел),personnage,"Марко Поло (1254-1324) прави обратното пътуване на Синбад: от Венеция до Китай на Кублай Хан. Неговите истории изглеждаха толкова приказни, колкото тези на Синбад. Книгата на чудесата повлия пряко на Колумб в плановете му да пътува до Азия.",short_form
course_199_les_titans_vs_les_dieux_la_titanomachie,Гигантомахия,Гигантомахия (продължение на Титаномахията),concept,"След Титаномахията олимпийците трябваше да се изправят срещу гигантите (родени от кръвта на Уран), които бяха почти непобедими. Тази втора война на боговете предвещава постоянното напрежение между олимпийския ред и първичните сили на хаоса.",short_form
course_201_la_naissance_du_conflit_israelo_palestin,1917 г.,Декларацията на Балфур (1917 г.),evenementConnexe,"Писмо от британския министър Балфур, обещаващо британска подкрепа за ""създаване на национален дом за еврейския народ"" в Палестина, като същевременно се запазят правата на ""нееврейските общности"". Това основно напрежение никога не е било разрешено.",short_form
course_204_le_concept_de_monde_multipolaire,Krauthammer,„Еднополюсен момент“ (Krauthammer),concept,"Краутхамер описва (1990) ерата след Студената война като ""еднополюсен момент"" със Съединените щати като единствената суперсила. Той прогнозира, че ще продължи 30 до 40 години - точна прогноза, тъй като ""еднополюсният момент"" приключи около 2008-2010 г.",short_form
course_204_le_concept_de_monde_multipolaire,ново,Пътища на коприната (ново),concept,"Обширен инфраструктурен и инвестиционен проект, стартиран от Китай през 2013 г., за да свърже Азия, Европа и Африка, укрепвайки своята глобална геополитическа тежест.",short_form
course_206_le_canal_de_suez_pourquoi_il_est_strateg,март 2021 г.,The Ever Given (март 2021 г.),evenementConnexe,"400-метров контейнеровоз, който заседна през канала за 6 дни, блокирайки 400 кораба. Това струваше на световната икономика 400 милиона долара на час, което идеално илюстрира стратегическото значение на канала в глобалните вериги.",short_form
course_206_le_canal_de_suez_pourquoi_il_est_strateg,The Ever Given,The Ever Given (март 2021 г.),evenementConnexe,"400-метров контейнеровоз, който заседна през канала за 6 дни, блокирайки 400 кораба. Това струваше на световната икономика 400 милиона долара на час, което идеално илюстрира стратегическото значение на канала в глобалните вериги.",short_form
course_206_le_canal_de_suez_pourquoi_il_est_strateg,Ever Given,Ever Given (март 2021 г.),evenementConnexe,"400-метров контейнеровоз, който заседна през канала за 6 дни, блокирайки 400 кораба. Това струваше на световната икономика 400 милиона долара на час, което отлично илюстрира стратегическото значение на канала в глобалните вериги.",short_form
course_208_l_onu_puissante_ou_impuissante,Отговорност за защита,Отговорност за защита (R2P),concept,"Принцип, приет от ООН през 2005 г.: международната общност може да се намеси в суверенна държава, за да защити цивилни в опасност. Разработено през 90-те години след бездействието в Руанда и Босна, приложението му остава много избирателно.",short_form
course_210_la_guerre_en_ukraine_expliquee,1994 г.,Меморандумът от Будапеща (1994 г.),concept,"Споразумение, с което Украйна се отказа от 1900-те наследени от СССР ядрени бойни глави в замяна на гаранции за сигурност от Русия, САЩ и Обединеното кралство. Русия го наруши още през 2014 г., което преследва украинските дискусии за сигурност.",short_form
course_210_la_guerre_en_ukraine_expliquee,Меморандумът от Будапеща,Меморандумът от Будапеща (1994 г.),concept,"Споразумение, с което Украйна се отказа от 1900-те наследени от СССР ядрени бойни глави в замяна на гаранции за сигурност от Русия, САЩ и Обединеното кралство. Русия го наруши още през 2014 г., което преследва украинските дискусии за сигурност.",short_form
course_210_la_guerre_en_ukraine_expliquee,Меморандум от Будапеща,Меморандум от Будапеща (1994 г.),concept,"Споразумение, с което Украйна се отказа от 1900-те наследени от СССР ядрени бойни глави в замяна на гаранции за сигурност от Русия, САЩ и Обединеното кралство. Русия го наруши още през 2014 г., което преследва украинските дискусии за сигурност.",short_form
course_213_l_evasion_fiscale_des_multinationales,холандски сандвич,"""Двойният ирландски"" (холандски сандвич)",concept,"Данъчна структура, използваща ирландски и холандски дъщерни дружества за прехвърляне на права върху интелектуална собственост на Бермудите. Apple, Google и Facebook го използваха до постепенното му премахване (2020 г.), като плащаха ефективни ставки от по-малко от 2%.",short_form
course_213_l_evasion_fiscale_des_multinationales,"""Двойният ирландски""","""Двойният ирландски"" (холандски сандвич)",concept,"Данъчна структура, използваща ирландски и холандски дъщерни дружества за прехвърляне на права върху интелектуална собственост на Бермудите. Apple, Google и Facebook го използваха до постепенното му премахване (2020 г.), като плащаха ефективни ставки от по-малко от 2%.",short_form
course_213_l_evasion_fiscale_des_multinationales,"ОИСР, 2021 г.","Глобалният минимален данък от 15% (ОИСР, 2021 г.)",concept,"Споразумение, подписано от 136 държави, за налагане на минимална ставка от 15% върху печалбите на мултинационалните компании, независимо от страната на подаване. Първото голямо международно данъчно споразумение в историята, то има за цел да сложи край на данъчната „надпревара към дъното“.",short_form
course_213_l_evasion_fiscale_des_multinationales,Глобалният минимален данък от 15%,"Глобалният минимален данък от 15% (ОИСР, 2021 г.)",concept,"Споразумение, подписано от 136 държави, за налагане на минимална ставка от 15% върху печалбите на мултинационалните компании, независимо от страната на подаване. Първото голямо международно данъчно споразумение в историята, то има за цел да сложи край на данъчната „надпревара към дъното“.",short_form
course_213_l_evasion_fiscale_des_multinationales,"""Двоен ирландски""","""Двоен ирландски"" (холандски сандвич)",concept,"Данъчна структура, използваща ирландски и холандски дъщерни дружества за прехвърляне на права върху интелектуална собственост на Бермудите. Apple, Google и Facebook го използваха до постепенното му премахване (2020 г.), като плащаха ефективни ставки от по-малко от 2%.",short_form
course_214_la_crise_de_l_etat_providence,1942 г.,Докладът на Бевъридж (1942 г.),concept,"Документ на британския икономист Бевъридж, полагащ основите на социалната държава: универсална защита срещу „петте гиганта“ (бедност, болест, невежество, мизерия, безделие). Той вдъхнови създаването на NHS и следвоенните социални системи.",short_form
course_214_la_crise_de_l_etat_providence,Докладът на Бевъридж,Докладът на Бевъридж (1942 г.),concept,"Документ на британския икономист Бевъридж, полагащ основите на социалната държава: универсална защита срещу „петте гиганта“ (бедност, болест, невежество, мизерия, безделие). Той вдъхнови създаването на NHS и следвоенните социални системи.",short_form
course_214_la_crise_de_l_etat_providence,Доклад на Беверидж,Доклад на Беверидж (1942 г.),concept,"Документ на британския икономист Бевъридж, полагащ основите на социалната държава: универсална защита срещу „петте гиганта“ (бедност, болест, невежество, мизерия, безделие). Той вдъхнови създаването на NHS и следвоенните социални системи.",short_form
course_215_les_inegalites_nord_sud,„Кривата на слона“,„Кривата на слона“ (Миланович),concept,"Графика на икономиста Миланович: между 1988 г. и 2008 г. азиатската средна класа и глобалните свръхбогати напредват най-много, докато работническата класа в богатите страни е в застой. Тази крива отчасти обяснява възхода на западния популизъм.",short_form
course_215_les_inegalites_nord_sud,"""слонска крива""","""слонска крива"" (Миланович)",concept,"Графика на икономиста Миланович: между 1988 г. и 2008 г. азиатската средна класа и глобалните свръхбогати напредват най-много, докато работническата класа в богатите страни е в застой. Тази крива отчасти обяснява възхода на западния популизъм.",short_form
course_216_la_dette_mondiale,ММТ,Съвременна парична теория (ММТ),concept,"Подход, според който държава, вземаща заеми в собствената си валута (САЩ, Япония), технически не може да фалира – тя винаги може да създава пари. Единственият риск е инфлацията. Това оправдава значителни дефицити, докато инфлацията е под контрол.",short_form
course_218_le_role_des_donnees_le_petrole_du_xxie_s,Zuboff,Капитализъм за наблюдение (Zuboff),concept,"Концепция от Shoshana Zuboff: GAFAM създаде модел, базиран на улавяне на човешкото поведение, за да го продаде като прогнози на рекламодателите. Хората се превръщат в ""суровина"" на един невидим икономически пазар.",short_form
course_218_le_role_des_donnees_le_petrole_du_xxie_s,Европейски GDPR,Европейски GDPR (2018),concept,"Общ регламент за защита на личните данни - най-амбициозният Закон за защита на личните данни. То дава на европейските граждани право на достъп до техните данни, коригиране и изтриване. Глобалните компании се подчиняват на неговите правила.",short_form
course_218_le_role_des_donnees_le_petrole_du_xxie_s,капитализъм за наблюдение,капитализъм за наблюдение (Zuboff),concept,"Концепция от Shoshana Zuboff: GAFAM създаде модел, базиран на улавяне на човешкото поведение, за да го продаде като прогнози на рекламодателите. Хората се превръщат в ""суровина"" на един невидим икономически пазар.",short_form
course_220_la_desinformation_et_les_fake_news,IRA,Руската агенция за интернет изследвания (IRA),concept,"Ферма за тролове в Санкт Петербург, финансирана от Пригожин, наемаща стотици хора за създаване на фалшиви акаунти и манипулиране на американското и европейско обществено мнение. Изведен наяве по време на разследването на Мюлер за изборите през 2016 г.",short_form
course_221_le_trou_de_la_couche_d_ozone_et_sa_gueri,Хлорфлуорвъглероди,Хлорфлуорвъглероди (CFC),concept,"Синтетични химични съединения, изобретени през 20-те години на миналия век, използвани като хладилни агенти и аерозолни пропеленти. Химически стабилни, те се издигат в стратосферата, където унищожават озона - ефект, пренебрегван десетилетия след изобретяването им.",short_form
course_221_le_trou_de_la_couche_d_ozone_et_sa_gueri,Въглероден диоксид,Въглероден диоксид (CO₂),concept,"Газът, който естествено присъства в атмосферата, но чийто излишък, свързан с човешката дейност, е основният двигател на настоящото глобално затопляне.",short_form
course_223_l_economie_circulaire,"намаляване, повторно използване, рециклиране","Правилото 3Rs (намаляване, повторно използване, рециклиране)",concept,"Йерархия на управление на отпадъците по приоритет. Първо намалете потреблението, след това използвайте повторно съществуващите продукти и накрая рециклирайте в краен случай. Редът е от решаващо значение: рециклирането консумира много енергия и не решава свръхконсумацията.",short_form
course_223_l_economie_circulaire,Правило 3Rs,"Правило 3Rs (намаляване, повторно използване, рециклиране)",concept,"Йерархия на управление на отпадъците по приоритет. Първо намалете потреблението, след това използвайте повторно съществуващите продукти и накрая рециклирайте в краен случай. Редът е от решаващо значение: рециклирането консумира много енергия и не решава свръхконсумацията.",short_form
course_226_l_ia_et_l_emploi,универсален базов доход,универсален базов доход (UBI),concept,"Редовно изплащане на фиксирана сума на всички граждани, без условия. Разглежда се като отговор на автоматизацията. Експериментите във Финландия, Кения и Калифорния дават обнадеждаващи резултати, но тяхното обобщение остава силно обсъждано от икономическа гледна точка.",short_form
course_227_le_populisme_pourquoi_ca_monte_partout,класово,Културното (ценности) срещу икономическото (класово) разделение,concept,"Ингълхарт и Норис показват, че популизмът е толкова културен, колкото и икономически: „губещите“ от глобализацията и културната революция се оказват в партии, които защитават своите традиционни ценности срещу космополитен елит, възприеман като презрителен.",short_form
course_227_le_populisme_pourquoi_ca_monte_partout,Културното  срещу икономическото  разделение,Културното (ценности) срещу икономическото (класово) разделение,concept,"Ингълхарт и Норис показват, че популизмът е толкова културен, колкото и икономически: „губещите“ от глобализацията и културната революция се оказват в партии, които защитават своите традиционни ценности срещу космополитен елит, възприеман като презрителен.",short_form
course_227_le_populisme_pourquoi_ca_monte_partout,културно  срещу икономическо  разцепление,културно (ценности) срещу икономическо (класово) разцепление,concept,"Ингълхарт и Норис показват, че популизмът е толкова културен, колкото и икономически: „губещите“ от глобализацията и културната революция се оказват в партии, които защитават своите традиционни ценности срещу космополитен елит, възприеман като презрителен.",short_form
course_228_la_sante_mentale_comme_enjeu_de_societe,смартфон и хипотеза за психично здраве,смартфон и хипотеза за психично здраве (Haidt),concept,"Психологът Джонатан Хайд твърди, че масовото приемане на смартфони от подрастващите, започващо през 2012 г., е основната причина за епидемията от депресия и тревожност сред младите хора. Научният дебат остава интензивен.",short_form
course_233_le_droit_d_asile_explique,1951 г.,Женевската конвенция (1951 г.),concept,"Основополагащ договор за бежанското право, подписан след разселванията от Втората световна война. Той дефинира бежанеца и установява принципа на забрана за връщане - забраната за експулсиране на някого в страна, където животът му е застрашен.",short_form
course_235_l_eau_prochaine_source_de_conflits,Голям етиопски ренесансов язовир,Голям етиопски ренесансов язовир (ГЕРБ),evenementConnexe,"Язовир, построен от Етиопия на Сини Нил от 2011 г., който ще намали потока към Египет и Судан. Египет заплаши да започне война, ако строителството продължи - илюстрация на нарастващото напрежение относно трансграничните водни ресурси.",short_form
course_237_les_gafam_puissance_et_derives,2022 г.,Законът за европейските цифрови пазари (DMA) (2022 г.),concept,"Европейски закон, целящ да регулира ""пазачите"" на цифровите пазари. Той налага оперативна съвместимост и забранява фаворизирането на собствените си услуги. Това е най-амбициозният регламент на GAFAM в света.",short_form
course_237_les_gafam_puissance_et_derives,Закон за европейските цифрови пазари,Закон за европейските цифрови пазари (DMA) (2022 г.),concept,"Европейски закон, целящ да регулира ""пазачите"" на цифровите пазари. Той налага оперативна съвместимост и забранява фаворизирането на собствените си услуги. Това е най-амбициозният регламент на GAFAM в света.",short_form
course_238_la_transition_energetique,2015 г.,Парижкото споразумение (2015 г.) и целите в областта на климата,concept,"Договор, подписан от 196 държави за ограничаване на затоплянето до 1,5°C над прединдустриалните нива. Всяка държава си поставя свои собствени цели (NDC) - настоящите амбиции водят до приблизително 2,5°C затопляне според текущите прогнози.",short_form
course_238_la_transition_energetique,Парижкото споразумение  и целите в областта на климата,Парижкото споразумение (2015 г.) и целите в областта на климата,concept,"Договор, подписан от 196 държави за ограничаване на затоплянето до 1,5°C над прединдустриалните нива. Всяка държава си поставя свои собствени цели (NDC) - настоящите амбиции водят до приблизително 2,5°C затопляне според текущите прогнози.",short_form
course_238_la_transition_energetique,Парижко споразумение  и цели в областта на климата,Парижко споразумение (2015 г.) и цели в областта на климата,concept,"Договор, подписан от 196 държави за ограничаване на затоплянето до 1,5°C над прединдустриалните нива. Всяка страна си поставя свои собствени цели (NDCs) - настоящите амбиции водят до приблизително 2,5°C затопляне според текущите прогнози.",short_form
course_238_la_transition_energetique,Парижко споразумение,Парижко споразумение (2015 г.),concept,"Договор, подписан от 196 държави за ограничаване на затоплянето до 1,5°C над прединдустриалните нива. Всяка страна си поставя свои собствени цели (NDCs) - настоящите амбиции водят до приблизително 2,5°C затопляне според текущите прогнози.",short_form
course_240_la_chine_et_son_modele_economique,Китайска комунистическа партия,Китайска комунистическа партия (ККП),concept,"Една единствена партия на власт от 1949 г. с 98 милиона членове. Той контролира държавата, армията, медиите и все повече икономиката. Генералният секретар (Си Дзинпин от 2012 г.) е истинският лидер на страната.",short_form
