course_number,neighbours
1,"2:6.1,3:3.8,23:3.4,4:3.4,129:2.9,14:2.8,86:2.6,201:2.6"
2,"3:16.4,4:12.2,1:6.1,38:4.5,6:4.3,12:3.6,29:3.1,97:2.6"
3,"2:16.4,4:10.6,8:5.6,1:3.8,38:3.6,29:3.0,12:2.8,97:2.7"
4,"2:12.2,3:10.6,7:7.5,39:7.1,11:6.0,147:4.8,18:3.6,1:3.4"
5,"8:5.2,6:3.8,229:3.7,64:2.7,74:2.6,1:2.4,12:2.3,47:2.3"
6,"7:4.4,2:4.3,16:4.2,5:3.8,113:3.6,15:3.6,13:3.4,37:3.2"
7,"21:8.6,4:7.5,106:6.9,14:6.1,56:5.8,86:5.1,19:4.8,6:4.4"
8,"3:5.6,5:5.2,10:4.6,25:4.5,23:4.4,85:4.2,9:4.1,7:4.0"
9,"198:7.8,184:4.4,8:4.1,10:3.9,192:3.9,7:3.9,33:3.5,20:3.1"
10,"8:4.6,9:3.9,209:3.8,32:3.3,38:3.3,20:3.2,235:3.1,225:3.0"
11,"14:8.0,4:6.0,21:5.3,23:5.1,33:4.8,56:4.4,19:4.2,22:4.2"
12,"198:4.0,2:3.6,184:3.3,97:3.2,167:3.0,16:2.9,3:2.8,143:2.8"
13,"6:3.4,201:2.0,1:1.9,47:1.7,51:1.7,12:1.6,67:1.6,42:1.1"
14,"11:8.0,7:6.1,17:6.0,25:4.8,32:4.5,202:3.5,207:3.2,18:3.1"
15,"210:3.8,78:3.8,6:3.6,59:2.9,211:2.9,97:2.5,1:2.5,150:2.5"
16,"22:7.4,209:5.2,54:4.9,56:4.9,38:4.8,37:4.8,101:4.4,32:4.3"
17,"14:6.0,21:4.2,240:4.1,213:4.1,19:4.0,22:4.0,102:3.9,33:3.9"
18,"205:6.1,212:5.2,211:4.6,216:4.4,54:4.3,219:4.2,7:4.1,40:4.0"
19,"30:14.3,33:6.4,28:5.7,20:5.6,37:5.5,25:5.1,210:4.9,7:4.8"
20,"30:7.1,19:5.6,33:4.7,37:4.5,21:4.0,36:3.9,108:3.5,31:3.4"
21,"106:15.2,56:10.2,7:8.6,23:5.6,33:5.3,11:5.3,28:5.1,233:4.8"
22,"16:7.4,30:6.1,146:5.5,37:5.4,40:5.4,208:4.8,31:4.8,26:4.7"
23,"203:5.9,39:5.7,21:5.6,31:5.4,236:5.2,11:5.1,28:5.1,33:4.9"
24,"48:2.8,201:2.7,47:2.6,12:2.5,42:1.4"
25,"37:7.6,28:7.0,33:5.8,30:5.3,19:5.1,14:4.8,151:4.6,8:4.5"
26,"237:4.7,22:4.7,40:4.4,31:4.2,210:3.9,28:3.6,33:3.3,37:3.3"
27,"33:4.7,234:4.0,209:3.8,8:3.8,29:3.5,210:3.3,56:3.2,205:3.0"
28,"25:7.0,203:6.0,33:5.7,31:5.7,19:5.7,40:5.4,30:5.3,37:5.2"
29,"19:3.6,27:3.5,38:3.4,210:3.4,33:3.4,20:3.4,198:3.2,16:3.2"
30,"19:14.3,33:7.1,20:7.1,37:6.8,22:6.1,39:5.4,28:5.3,25:5.3"
31,"28:5.7,23:5.4,30:5.0,22:4.8,203:4.3,26:4.2,19:4.2,206:4.0"
32,"23:4.6,30:4.5,14:4.5,28:4.4,16:4.3,19:4.1,22:3.9,91:3.9"
33,"30:7.1,37:7.1,19:6.4,25:5.8,28:5.7,21:5.3,40:5.0,23:4.9"
34,"216:5.0,212:4.1,78:3.7,205:3.3,204:3.3,210:3.1,228:3.0,29:2.7"
35,"36:8.6,216:5.8,64:3.2,204:3.2,29:3.0,201:2.7,1:2.5,228:2.5"
36,"35:8.6,209:4.6,20:3.9,235:3.8,32:3.8,38:3.7,210:3.3,101:3.3"
37,"25:7.6,33:7.1,30:6.8,151:5.5,19:5.5,22:5.4,28:5.2,16:4.8"
38,"16:4.8,2:4.5,210:4.3,106:4.0,33:3.8,231:3.8,36:3.7,3:3.6"
39,"147:7.1,4:7.1,172:6.9,148:6.0,40:5.8,23:5.7,30:5.4,162:5.3"
40,"39:5.8,28:5.4,22:5.4,33:5.0,26:4.4,18:4.0,32:3.8,54:3.7"
41,"43:2.9,42:2.6,44:2.5,62:2.5,55:2.5,2:2.4,54:2.4,46:2.2"
42,"48:3.1,41:2.6,47:2.3,44:2.3,72:2.2,78:2.2,73:2.2,43:2.0"
43,"45:3.4,222:3.3,220:3.2,223:3.1,44:3.1,50:3.1,234:3.0,71:2.9"
44,"118:3.3,43:3.1,206:3.0,50:2.7,54:2.6,135:2.6,41:2.5,47:2.5"
45,"69:3.8,43:3.4,78:3.3,55:3.3,46:3.2,234:3.0,171:3.0,75:2.9"
46,"16:3.7,187:3.4,45:3.2,218:3.1,215:3.1,217:3.0,225:3.0,232:3.0"
47,"72:3.8,78:3.6,73:3.2,48:3.1,53:3.1,50:2.9,57:2.8,49:2.7"
48,"72:3.8,78:3.3,47:3.1,42:3.1,24:2.8,232:2.5,220:2.5,50:2.4"
49,"146:4.5,22:2.8,47:2.7,220:2.7,75:2.6,46:2.6,62:2.6,55:2.6"
50,"53:4.1,59:3.7,75:3.3,213:3.2,227:3.2,54:3.2,226:3.2,78:3.1"
51,"58:8.7,226:5.4,228:3.7,53:3.1,136:2.7,59:2.6,55:2.6,198:2.5"
52,"57:4.1,53:3.7,54:3.6,78:3.4,206:3.3,62:3.2,68:3.1,209:3.0"
53,"59:5.0,131:4.9,56:4.2,50:4.1,55:3.9,52:3.7,63:3.7,57:3.5"
54,"16:4.9,71:4.5,111:4.3,18:4.3,205:4.1,40:3.7,57:3.7,211:3.7"
55,"60:5.9,106:4.4,56:4.3,68:4.3,58:4.2,30:4.0,77:3.9,61:3.9"
56,"21:10.2,106:7.8,7:5.8,16:4.9,11:4.4,114:4.3,55:4.3,53:4.2"
57,"237:4.7,52:4.1,54:3.7,218:3.6,53:3.5,68:3.4,238:3.3,63:3.2"
58,"226:8.7,51:8.7,70:5.4,228:5.3,55:4.2,60:3.6,53:3.2,56:3.1"
59,"53:5.0,50:3.7,54:3.3,111:3.0,56:2.9,230:2.9,209:2.9,58:2.9"
60,"55:5.9,144:3.9,68:3.8,106:3.8,223:3.7,58:3.6,238:3.6,56:3.5"
61,"145:7.3,68:5.1,66:4.4,67:4.3,55:3.9,118:3.7,77:3.5,113:3.4"
62,"162:5.5,106:5.3,114:4.3,238:4.1,171:3.8,221:3.3,30:3.3,52:3.2"
63,"75:3.7,53:3.7,206:3.3,57:3.2,62:3.1,50:2.9,69:2.8,52:2.8"
64,"113:4.5,35:3.2,142:3.0,225:3.0,55:3.0,119:3.0,106:2.9,33:2.9"
65,"54:3.3,50:3.0,75:2.9,225:2.8,61:2.8,74:2.7,62:2.7,55:2.7"
66,"68:4.9,145:4.7,61:4.4,55:2.9,67:2.9,78:2.8,225:2.8,60:2.7"
67,"145:4.5,61:4.3,68:3.2,66:2.9,184:2.8,55:2.8,150:2.7,77:2.6"
68,"145:8.1,61:5.1,66:4.9,77:4.4,55:4.3,60:3.8,218:3.7,221:3.6"
69,"45:3.8,212:3.2,238:3.0,115:2.9,171:2.9,54:2.9,62:2.8,63:2.8"
70,"58:5.4,226:5.1,228:3.9,60:2.6,50:2.5,72:2.3,136:2.2,78:2.1"
71,"205:5.4,211:4.8,212:4.8,54:4.5,238:4.3,18:3.9,239:3.5,225:3.4"
72,"47:3.8,48:3.8,78:3.5,73:3.0,45:2.9,113:2.8,21:2.7,57:2.7"
73,"78:3.4,47:3.2,72:3.0,68:2.7,228:2.7,49:2.6,238:2.5,43:2.5"
74,"109:3.4,222:3.3,105:3.3,113:3.1,234:3.0,192:3.0,68:2.9,224:2.9"
75,"63:3.7,213:3.6,78:3.4,50:3.3,60:3.1,58:3.0,45:2.9,65:2.9"
76,"142:3.8,106:3.0,54:3.0,185:2.8,75:2.8,69:2.8,234:2.7,62:2.7"
77,"68:4.4,145:4.0,55:3.9,106:3.5,61:3.5,98:3.3,137:3.2,87:2.9"
78,"138:5.6,131:4.8,15:3.8,34:3.7,47:3.6,72:3.5,75:3.4,52:3.4"
79,"138:4.8,136:4.6,131:3.7,93:3.2,187:2.8,78:2.8,225:2.6,72:2.6"
80,"197:3.1,102:2.9,77:2.9,75:2.7,234:2.7,57:2.7,71:2.7,43:2.7"
81,"82:7.7,118:6.9,173:4.9,174:3.7,161:3.5,198:3.2,171:3.2,114:3.2"
82,"81:7.7,173:7.0,184:4.9,85:4.8,174:4.7,162:4.7,39:4.7,108:4.2"
83,"97:2.7,201:1.9,12:1.9,44:1.7,42:1.1"
84,"150:2.6,49:2.4,1:2.4,47:2.0,51:2.0,41:1.6,42:1.5"
85,"86:11.6,94:10.2,87:7.7,82:4.8,97:4.4,8:4.2,60:3.2,107:2.9"
86,"94:12.2,87:11.9,85:11.6,7:5.1,108:4.3,97:3.7,102:3.5,60:3.2"
87,"86:11.9,94:9.6,85:7.7,97:3.7,108:3.4,197:3.4,33:3.2,82:3.1"
88,"97:3.2,61:2.5,12:2.1,1:2.0,150:2.0,67:1.8,47:1.7,201:1.7"
89,"42:1.1"
90,"48:2.2,12:2.2"
91,"33:4.7,102:4.3,32:3.9,101:3.5,78:3.2,209:3.1,116:2.8,18:2.8"
92,"102:4.6,25:4.3,18:3.2,161:3.1,136:2.9,50:2.8,81:2.7,59:2.6"
93,"79:3.2,150:3.0,44:2.3,42:1.2"
94,"86:12.2,85:10.2,87:9.6,97:5.3,12:2.7,1:2.4,201:2.3,51:2.1"
95,"97:3.4,48:2.1,42:1.2"
96,"108:3.9,39:3.7,168:3.6,97:3.5,33:3.5,68:3.3,101:3.2,37:2.8"
97,"94:5.3,85:4.4,87:3.7,86:3.7,118:3.6,96:3.5,184:3.5,95:3.4"
98,"108:5.0,77:3.3,68:3.2,97:3.0,44:2.5,228:2.5,61:2.3,66:2.2"
100,"97:2.3,29:2.1,201:1.9,73:1.9,44:1.9,72:1.8,150:1.8,47:1.8"
101,"105:7.4,114:5.7,237:5.5,135:5.2,108:5.0,102:4.7,22:4.5,16:4.4"
102,"113:6.3,106:5.3,105:4.9,101:4.7,92:4.6,91:4.3,119:4.2,108:4.2"
103,"179:3.7,174:3.5,128:3.4,104:3.2,121:3.1,55:3.0,60:2.9,161:2.8"
104,"197:4.6,119:3.5,103:3.2,179:2.9,8:2.6,149:2.6,78:2.5,32:2.5"
105,"101:7.4,108:5.6,102:4.9,97:3.3,74:3.3,46:3.0,72:2.5,61:2.5"
106,"21:15.2,114:9.7,162:8.8,56:7.8,7:6.9,238:6.7,102:5.3,62:5.3"
107,"114:4.4,119:3.6,120:3.4,108:3.4,206:3.4,102:3.1,112:3.1,171:3.0"
108,"114:6.2,105:5.6,98:5.0,101:5.0,23:4.7,237:4.6,86:4.3,102:4.2"
109,"74:3.4,150:2.6,97:2.5,47:2.3,72:2.1,12:2.0,201:1.9,1:1.7"
111,"54:4.3,157:4.0,59:3.0,58:2.5,97:2.5,12:2.5,228:2.5,150:2.4"
112,"157:4.0,107:3.1,211:2.5,150:2.4,44:2.3,12:2.1,79:1.9,72:1.8"
113,"102:6.3,64:4.5,6:3.6,61:3.4,81:3.1,74:3.1,72:2.8,150:2.7"
114,"106:9.7,162:8.4,237:7.4,108:6.2,101:5.7,107:4.4,56:4.3,62:4.3"
115,"69:2.9,61:2.7,228:2.2,12:2.1,79:2.1,201:2.0,51:1.9,73:1.8"
116,"108:3.8,119:3.7,166:3.5,36:3.1,120:2.9,91:2.8,21:2.8,159:2.8"
117,"201:2.2,12:2.1,44:1.8,42:0.8"
118,"81:6.9,61:3.7,97:3.6,44:3.3,201:2.1,67:2.0,42:1.3"
119,"197:5.0,166:4.3,102:4.2,116:3.7,107:3.6,104:3.5,174:3.3,108:3.2"
120,"107:3.4,187:3.3,39:3.2,233:3.1,133:3.1,55:3.1,60:2.9,116:2.9"
121,"123:10.2,126:6.5,122:6.5,129:6.4,149:5.3,106:4.6,128:4.0,151:3.7"
122,"123:10.6,129:7.6,121:6.5,151:5.3,154:4.9,149:4.5,11:3.7,108:3.1"
123,"129:17.0,122:10.6,121:10.2,149:8.1,97:2.9,72:2.3,47:2.0,67:1.9"
124,"150:3.2"
125,"42:1.3"
126,"121:6.5,149:5.7,150:2.6,12:2.1,48:1.9,67:1.7,42:1.0"
127,"135:3.9,128:3.6,239:2.9,101:2.9,157:2.8,235:2.8,121:2.7,38:2.6"
128,"146:5.9,121:4.0,22:4.0,157:3.7,127:3.6,149:3.5,103:3.4,55:2.7"
129,"123:17.0,122:7.6,121:6.4,1:2.9,47:2.3,12:2.0,48:1.9,201:1.9"
130,"44:2.0,42:0.9"
131,"138:9.6,53:4.9,78:4.8,136:4.6,79:3.7,212:3.7,226:3.2,211:3.2"
132,"150:3.5,42:1.1"
133,"236:4.4,120:3.1,212:3.0,141:3.0,239:2.9,62:2.9,225:2.8,57:2.8"
134,"42:0.8"
135,"138:7.7,101:5.2,136:4.3,239:3.9,127:3.9,149:3.6,240:3.6,121:3.5"
136,"138:8.3,79:4.6,131:4.6,135:4.3,156:3.7,16:3.5,106:3.3,21:3.1"
137,"141:3.9,77:3.2,50:2.9,150:2.9,57:2.9,64:2.8,211:2.6,74:2.4"
138,"131:9.6,136:8.3,135:7.7,78:5.6,79:4.8,51:2.4,72:1.9,48:1.9"
139,"28:4.0,225:3.5,212:3.0,239:2.9,25:2.9,149:2.8,136:2.8,121:2.7"
140,"59:2.7,150:2.4,72:2.3,79:2.0,97:2.0,47:1.7,1:1.7,201:1.7"
141,"137:3.9,142:3.8,223:3.6,238:3.6,213:3.4,187:3.2,133:3.0,121:2.9"
142,"143:11.8,149:4.0,76:3.8,141:3.8,121:3.7,163:3.6,240:3.3,64:3.0"
143,"142:11.8,12:2.8,42:0.9"
144,"60:3.9,81:2.9,161:2.8,74:2.7,150:2.3,44:2.3,47:2.2,1:2.1"
145,"68:8.1,61:7.3,66:4.7,67:4.5,77:4.0,81:3.2,78:3.1,97:2.8"
146,"128:5.9,22:5.5,171:5.5,49:4.5,33:4.4,101:4.2,37:3.4,18:3.4"
147,"39:7.1,148:7.0,4:4.8,106:4.6,121:3.4,19:3.1,122:2.9,102:2.9"
148,"147:7.0,155:6.4,39:6.0,212:5.3,206:5.1,78:2.9,45:2.9,29:2.9"
149,"123:8.1,126:5.7,121:5.3,122:4.5,151:4.3,142:4.0,135:3.6,128:3.5"
150,"198:3.5,132:3.5,149:3.3,184:3.2,124:3.2,154:3.1,122:3.0,93:3.0"
151,"37:5.5,122:5.3,25:4.6,149:4.3,210:3.8,121:3.7,38:2.9,81:2.5"
152,"12:2.5,47:2.0,48:1.8,44:1.8,42:0.9"
153,"149:2.7,163:2.6,150:2.6,224:2.6,107:2.4,72:2.3,209:2.2,77:2.2"
154,"122:4.9,157:3.9,150:3.1,44:2.0,12:1.9,72:1.9,1:1.7,41:1.7"
155,"148:6.4,33:4.0,149:3.4,37:3.2,116:2.8,18:2.6,150:2.4,66:2.4"
156,"136:3.7,150:2.6,97:2.5,42:1.0"
157,"112:4.0,111:4.0,154:3.9,128:3.7,149:3.0,162:2.9,235:2.9,122:2.8"
158,"159:9.2,6:3.0,161:2.8,81:2.8,61:2.4,150:2.3,72:2.3,201:1.9"
159,"158:9.2,209:3.1,136:3.0,116:2.8,207:2.8,149:2.6,211:2.4,68:2.4"
160,"18:2.9,205:2.8,6:2.4,228:2.4,201:2.3,211:2.3,44:2.0,47:1.9"
161,"171:8.0,162:7.8,172:5.3,170:4.5,164:4.2,163:4.0,176:3.9,180:3.8"
162,"171:12.0,106:8.8,172:8.6,114:8.4,161:7.8,163:7.1,164:6.6,62:5.5"
163,"162:7.1,164:5.4,172:4.6,180:4.5,165:4.3,187:4.1,161:4.0,167:3.9"
164,"162:6.6,163:5.4,161:4.2,51:2.2,150:2.1,97:2.1,201:1.8,49:1.7"
165,"163:4.3,161:3.2,6:2.8,97:2.8,74:2.8,45:2.6,46:2.3,79:2.2"
166,"119:4.3,102:3.9,116:3.5,97:2.5,74:2.4,50:2.3,78:2.2,59:2.1"
167,"168:6.0,163:3.9,161:3.3,97:3.1,12:3.0,81:2.6,211:2.4,72:2.2"
168,"167:6.0,96:3.6,163:3.3,97:3.3,68:3.0,101:2.9,18:2.8,147:2.7"
169,"97:2.5,29:1.9,150:1.8,72:1.7,12:1.5,47:1.5,42:1.4,67:1.3"
170,"172:8.0,171:7.4,162:5.2,39:5.1,161:4.5,174:3.6,184:3.4,163:3.4"
171,"162:12.0,172:9.2,161:8.0,170:7.4,146:5.5,39:4.9,62:3.8,163:3.6"
172,"171:9.2,162:8.6,170:8.0,39:6.9,161:5.3,163:4.6,97:2.5,51:2.3"
173,"174:8.1,82:7.0,81:4.9,179:4.2,184:3.7,163:2.9,161:2.6,47:2.5"
174,"173:8.1,82:4.7,176:4.5,81:3.7,170:3.6,103:3.5,119:3.3,206:3.1"
176,"174:4.5,209:3.9,161:3.9,32:3.3,38:3.0,81:2.8,59:2.6,46:2.5"
177,"49:2.6,97:2.5,12:2.1,150:2.0,47:1.9,48:1.7,201:1.6,44:1.5"
178,"1:2.4,12:2.4,73:2.2,42:1.1"
179,"173:4.2,103:3.7,32:3.2,81:3.1,104:2.9,20:2.8,163:2.8,55:2.7"
180,"163:4.5,161:3.8,78:3.0,74:2.7,81:2.5,61:2.4,51:2.3,12:2.3"
181,"211:2.6,47:2.5,81:2.5,12:2.2,67:2.2,44:2.0,73:1.8,201:1.7"
182,"161:3.1,81:3.0,47:2.0,201:2.0,150:1.9,12:1.7,67:1.5,73:1.5"
183,"161:3.1,97:2.5,44:2.0,48:1.8,12:1.8,41:1.7,1:1.7,201:1.6"
184,"198:6.4,82:4.9,162:4.8,9:4.4,11:4.0,206:3.9,173:3.7,32:3.5"
185,"68:3.4,76:2.8,58:2.5,74:2.4,79:2.2,228:2.1,44:2.0,97:1.9"
186,"61:3.3,58:2.7,12:2.6,48:2.1,44:2.0,47:2.0,1:1.9,67:1.6"
187,"163:4.1,46:3.4,221:3.3,60:3.3,120:3.3,55:3.2,141:3.2,56:2.8"
188,"42:0.9"
189,"60:3.2,149:2.6,43:2.5,161:2.4,76:2.4,50:2.4,81:2.4,47:2.3"
191,"201:2.1,12:2.1,51:1.7,42:1.2"
192,"9:3.9,32:3.2,212:3.2,163:3.0,87:3.0,74:3.0,56:2.9,60:2.9"
193,"67:2.1,47:2.0,51:1.7,42:0.9"
195,"51:1.9,42:1.4"
196,"81:2.4,150:2.2,44:2.2,228:2.1,1:1.9,67:1.9,47:1.8,12:1.8"
197,"119:5.0,104:4.6,87:3.4,37:3.2,163:3.1,80:3.1,60:2.9,210:2.6"
198,"9:7.8,184:6.4,12:4.0,150:3.5,81:3.2,29:3.2,97:3.0,51:2.5"
199,"42:1.1"
200,"212:3.1,74:2.8,6:2.6,47:2.6,97:2.4,161:2.4,64:2.3,81:2.0"
201,"203:4.6,210:4.0,202:4.0,23:3.6,4:3.3,28:3.2,22:3.2,36:3.0"
202,"203:7.2,210:5.7,209:5.2,230:4.2,201:4.0,216:3.7,237:3.6,14:3.5"
203,"202:7.2,28:6.0,209:6.0,23:5.9,212:5.4,210:5.2,230:4.9,201:4.6"
204,"203:3.6,210:3.5,202:3.5,34:3.3,35:3.2,22:3.1,218:3.1,238:3.0"
205,"18:6.1,211:6.0,71:5.4,212:5.0,240:4.3,216:4.2,54:4.1,203:4.0"
206,"213:5.3,148:5.1,217:5.0,209:4.5,222:4.5,208:4.5,23:4.5,240:4.2"
207,"227:3.9,218:3.7,23:3.7,203:3.6,205:3.5,208:3.5,30:3.5,210:3.5"
208,"22:4.8,28:4.6,206:4.5,37:4.5,235:4.2,30:4.1,230:3.9,223:3.7"
209,"203:6.0,202:5.2,16:5.2,210:5.1,36:4.6,206:4.5,23:4.3,22:4.2"
210,"202:5.7,203:5.2,209:5.1,19:4.9,38:4.3,28:4.2,201:4.0,26:3.9"
211,"205:6.0,213:5.6,71:4.8,18:4.6,212:4.5,232:4.5,217:4.4,216:4.1"
212,"216:6.2,213:5.7,203:5.4,148:5.3,18:5.2,205:5.0,71:4.8,237:4.6"
213,"212:5.7,211:5.6,214:5.5,232:5.4,206:5.3,239:5.3,216:4.8,217:4.8"
214,"213:5.5,216:4.0,211:3.7,18:3.6,229:3.5,226:2.8,204:2.7,59:2.7"
215,"208:3.6,225:3.5,202:3.3,212:3.2,38:3.2,210:3.2,226:3.1,240:3.1"
216,"212:6.2,35:5.8,237:5.0,34:5.0,213:4.8,28:4.7,217:4.4,18:4.4"
217,"206:5.0,213:4.8,238:4.5,211:4.4,216:4.4,212:4.4,239:4.3,23:3.9"
218,"227:5.3,239:4.3,212:4.1,240:3.9,207:3.7,68:3.7,18:3.7,216:3.7"
219,"236:5.6,220:5.1,18:4.2,227:3.6,217:3.4,216:3.3,209:3.0,226:2.8"
220,"219:5.1,223:4.7,227:4.5,225:4.0,213:4.0,33:3.9,102:3.9,217:3.8"
221,"238:4.6,233:3.6,68:3.6,53:3.4,187:3.3,62:3.3,102:3.3,225:3.2"
222,"206:4.5,223:4.4,234:3.9,225:3.5,74:3.3,43:3.3,60:3.2,211:3.1"
223,"225:5.0,220:4.7,222:4.4,212:4.4,234:4.3,206:4.1,213:3.9,60:3.7"
224,"225:3.6,223:3.3,119:3.2,213:3.1,23:3.1,238:3.0,27:3.0,74:2.9"
225,"231:5.4,238:5.1,223:5.0,206:4.2,235:4.2,234:4.2,220:4.0,212:3.8"
226,"58:8.7,228:7.4,51:5.4,70:5.1,237:4.2,16:3.9,213:3.7,106:3.6"
227,"218:5.3,220:4.5,23:4.1,207:3.9,219:3.6,223:3.5,229:3.5,7:3.4"
228,"226:7.4,58:5.3,70:3.9,51:3.7,114:3.3,237:3.1,34:3.0,234:3.0"
229,"206:4.1,5:3.7,22:3.6,208:3.5,37:3.5,227:3.5,214:3.5,23:3.4"
230,"203:4.9,233:4.6,202:4.2,216:4.0,205:4.0,37:3.9,208:3.9,211:3.2"
231,"238:5.9,225:5.4,234:5.2,235:4.1,38:3.8,212:3.5,240:3.5,56:3.3"
232,"213:5.4,211:4.5,237:4.0,217:3.9,240:3.8,238:3.8,212:3.7,216:3.6"
233,"21:4.8,230:4.6,212:4.3,206:3.9,33:3.7,213:3.6,221:3.6,211:3.5"
234,"231:5.2,237:5.0,223:4.3,225:4.2,33:4.1,238:4.1,27:4.0,235:4.0"
235,"237:4.6,203:4.6,208:4.2,225:4.2,212:4.2,231:4.1,23:4.1,30:4.1"
236,"219:5.6,23:5.2,133:4.4,235:3.8,209:2.9,57:2.9,212:2.8,210:2.8"
237,"114:7.4,101:5.5,216:5.0,234:5.0,57:4.7,26:4.7,108:4.6,235:4.6"
238,"106:6.7,231:5.9,225:5.1,213:4.7,221:4.6,217:4.5,71:4.3,33:4.2"
239,"213:5.3,218:4.3,217:4.3,237:4.2,135:3.9,235:3.8,203:3.7,212:3.5"
240,"205:4.3,33:4.3,212:4.3,206:4.2,213:4.2,203:4.1,17:4.1,218:3.9"
