courseId,id,type,question,explanation,options_json,correctIndex,items_json,correctValue,sliderMin,sliderMax,tolerance,unit
course_100_les_fleurs_du_mal_baudelaire,course_100_les_fleurs_du_mal_baudelaire_q1,mcq,¿Quién es el autor de Las flores del mal?,"Charles Baudelaire publicó Les Fleurs du Mal en 1857, la partida de nacimiento de la poesía moderna.","[""Carlos Baudelaire"", ""Pablo Verlaine"", ""Stéphane Mallarmé"", ""Arthur Rimbaud""]",0,,,,,,
course_100_les_fleurs_du_mal_baudelaire,course_100_les_fleurs_du_mal_baudelaire_q2,mcq,¿Por qué se condenaron Les Fleurs du Mal en 1857?,"La colección fue condenada por “atentado a la moral pública”, escándalo que no se levantaría oficialmente hasta 1949.","[""Por “ultraje a la moral pública”"", ""Por plagio"", ""Por incitar a la violencia política"", ""Por poner en peligro la seguridad del Estado.""]",0,,,,,,
course_100_les_fleurs_du_mal_baudelaire,course_100_les_fleurs_du_mal_baudelaire_q3,numericSlider,¿En qué año se rehabilitaron oficialmente los seis poemas condenados de Les Fleurs du Mal?,"Los seis poemas condenados en 1857 no fueron oficialmente rehabilitados hasta 1949, 92 años después.",,,,1949.0,1920.0,1970.0,5.0,
course_100_les_fleurs_du_mal_baudelaire,course_100_les_fleurs_du_mal_baudelaire_q4,mcq,¿Qué representa el albatros en la sección “Bazo e ideal”?,"El albatros, majestuoso en vuelo pero ridículo una vez colocado en el suelo, representa al poeta en un mundo que no lo comprende.","[""El poeta, majestuoso en vuelo pero ridículo en tierra"", ""Libertad total del artista."", ""La muerte inevitable"", ""Belleza inalcanzable""]",0,,,,,,
course_100_les_fleurs_du_mal_baudelaire,course_100_les_fleurs_du_mal_baudelaire_q5,mcq,¿Qué sección de la colección hace de París un paisaje psicológico?,"“Pinturas parisinas” convierte la ciudad en un paisaje psicológico. El poeta deambula por allí como un paseante, un observador de la vida parisina bajo Haussmann.","[""“Pinturas parisinas”"", ""“Bazo e Ideal”"", ""“El Vino”"", ""\""Muerte\""""]",0,,,,,,
course_100_les_fleurs_du_mal_baudelaire,course_100_les_fleurs_du_mal_baudelaire_q6,mcq,"¿Qué poema describe la naturaleza como un “templo” de signos que vinculan olores, colores y sonidos?","“Correspondencias” describe la naturaleza como un templo de signos. Allí se mezclan los sentidos: perfumes, colores y sonidos se responden entre sí.","[""\""Correspondencia\"""", ""“El Albatros”"", ""\""Bazo\"""", ""\""Recopilación\""""]",0,,,,,,
course_100_les_fleurs_du_mal_baudelaire,course_100_les_fleurs_du_mal_baudelaire_q7,trueFalse,Verdadero o falso: Baudelaire rechaza por completo las formas poéticas clásicas como el soneto.,"Baudelaire, por el contrario, vincula las formas clásicas, como el soneto y el alejandrino, con una visión poética radicalmente nueva.","[""Verdadero"", ""Falso""]",1,,,,,,
course_100_les_fleurs_du_mal_baudelaire,course_100_les_fleurs_du_mal_baudelaire_q8,mcq,"¿Qué movimiento poético encontró la poética de la correspondencia de Baudelaire, llevada posteriormente por Verlaine y Mallarmé?","Esta poética de las correspondencias fundó el simbolismo, llevado posteriormente por Verlaine y Mallarmé.","[""El simbolismo"", ""Romanticismo"", ""Naturalismo"", ""Clasicismo""]",0,,,,,,
course_100_les_fleurs_du_mal_baudelaire,course_100_les_fleurs_du_mal_baudelaire_q9,mcq,"¿Qué escritor estadounidense, descrito como “hermano del alma”, tradujo Baudelaire?","Baudelaire tradujo a Edgar Poe, a quien consideraba un “hermano del alma” que compartía su gusto por lo macabro.","[""Edgar Allan Poe"", ""Herman Melville"", ""Nathaniel Hawthorne"", ""Walt Whitman""]",0,,,,,,
course_100_les_fleurs_du_mal_baudelaire,course_100_les_fleurs_du_mal_baudelaire_q10,mcq,¿Cómo resume Baudelaire su alquimia poética de extraer la belleza del barro?,Baudelaire resume su proyecto con esta fórmula: “Tú me diste tu barro y con él hice oro”.,"[""“Me diste tu barro y con él hice oro”"", ""“La belleza es eterna”"", ""“El mal engendra mal”"", ""“El arte por el arte”""]",0,,,,,,
course_101_1984_george_orwell,course_101_1984_george_orwell_q1,mcq,¿Cuál es el verdadero nombre de George Orwell?,George Orwell es el seudónimo de Eric Arthur Blair.,"[""Eric Arthur Blair"", ""George Bernard Shaw"", ""Aldous Huxley"", ""Herbert George Wells""]",0,,,,,,
course_101_1984_george_orwell,course_101_1984_george_orwell_q2,mcq,¿Qué conflicto luchó Orwell antes de escribir 1984?,"Orwell luchó en 1936-1937 en las milicias del POUM durante la Guerra Civil Española, donde resultó herido.","[""La Guerra Civil Española"", ""La Primera Guerra Mundial"", ""La guerra de los bóers"", ""La guerra de Argelia""]",0,,,,,,
course_101_1984_george_orwell,course_101_1984_george_orwell_q3,mcq,"¿Qué fue lo que más llamó la atención de Orwell durante esta experiencia, más allá de la violencia?","Lo que más sorprende a Orwell es ver a los periódicos reescribir el pasado y borrar a los combatientes, una obsesión por las mentiras estatales que alimenta la novela.","[""La falsificación de los hechos y del pasado a través de la propaganda."", ""falta de comida"", ""La traición de sus camaradas"", ""Censura de la prensa extranjera""]",0,,,,,,
course_101_1984_george_orwell,course_101_1984_george_orwell_q4,mcq,¿Qué régimen totalitario real inspira el sistema de Oceanía?,El sistema de Oceanía está particularmente inspirado en el totalitarismo soviético como modelo.,"[""totalitarismo soviético"", ""fascismo italiano"", ""El régimen de Vichy"", ""El imperio británico""]",0,,,,,,
course_101_1984_george_orwell,course_101_1984_george_orwell_q5,mcq,¿Cómo se llama el partido único que gobierna Oceanía?,"Oceanía está dirigida por Ingsoc, que se basa en cuatro ministerios paradójicos: Paz, Abundancia, Amor y Verdad.","[""ingsoc"", ""El Partido Popular"", ""la liga roja"", ""El bloque central""]",0,,,,,,
course_101_1984_george_orwell,course_101_1984_george_orwell_q6,mcq,¿Qué hace Winston Smith para trabajar en el Ministerio de la Verdad?,"Winston Smith trabaja en el Ministerio de la Verdad, donde borra el pasado para adaptarlo al presente definido por el Partido.","[""Borra y reescribe el pasado para adaptarlo al presente del Partido."", ""Vigila a los ciudadanos a través de telepantallas."", ""Escribe los discursos del Gran Hermano."", ""Entrena a nuevos miembros del Partido""]",0,,,,,,
course_101_1984_george_orwell,course_101_1984_george_orwell_q7,mcq,"¿Cómo llama usted a la capacidad de aceptar dos verdades contradictorias a la vez, en 1984?","El doblepensamiento se refiere a la capacidad de aceptar dos verdades contradictorias a la vez, un pilar del control mental del Partido.","[""Doble pensamiento"", ""Neolengua"", ""la telepantalla"", ""ingsoc""]",0,,,,,,
course_101_1984_george_orwell,course_101_1984_george_orwell_q8,mcq,¿Por qué el Partido está reduciendo el vocabulario a través de la neolengua?,La neolengua reduce el vocabulario disponible para hacer que el pensamiento crítico sea imposible de formular.,"[""Para hacer imposible el pensamiento crítico"", ""Para simplificar la administración"", ""Para facilitar el comercio internacional"", ""Unificar dialectos regionales""]",0,,,,,,
course_101_1984_george_orwell,course_101_1984_george_orwell_q9,chronological,Pon en orden estas etapas de la vida y obra de Orwell.,"Estas cuatro etapas marcan la carrera de Orwell: la Guerra Civil Española (1936-1937), Animal Farm (1945), 1984 (1949), y luego su muerte en 1950.",,,"[""Orwell luchó en las milicias del POUM durante la Guerra Civil Española."", ""Publica Granja Animal."", ""Publicó en 1984."", ""Murió en Escocia poco después de la publicación de su novela.""]",,,,,
course_101_1984_george_orwell,course_101_1984_george_orwell_q10,trueFalse,"Verdadero o falso: al final de la novela, Winston Smith acaba amando a Gran Hermano.","El totalitarismo gana a nivel psicológico: Winston no sólo obedece, sino que llega a amar al Gran Hermano.","[""Verdadero"", ""Falso""]",0,,,,,,
course_102_la_ferme_des_animaux_george_orwell,course_102_la_ferme_des_animaux_george_orwell_q1,mcq,¿Qué acontecimiento histórico representa Animal Farm en forma de alegoría?,Orwell transpone las principales etapas de la Revolución Rusa y la traición estalinista a una fábula animal.,"[""La revolución rusa"", ""La Revolución Francesa"", ""La Guerra Civil Española"", ""La revolución industrial inglesa""]",0,,,,,,
course_102_la_ferme_des_animaux_george_orwell,course_102_la_ferme_des_animaux_george_orwell_q2,mcq,¿Qué animal representa Stalin en la alegoría de Orwell?,"Napoleón, el cerdo que toma el poder por la fuerza tras perseguir a Snowball, modela la figura de Stalin.","[""Napoleón"", ""El viejo mayor"", ""Bola de nieve"", ""Malabar""]",0,,,,,,
course_102_la_ferme_des_animaux_george_orwell,course_102_la_ferme_des_animaux_george_orwell_q3,trueFalse,Verdadero o falso: Editorial T.S. Eliot se negó a publicar el manuscrito de Orwell por temor a que cerdos inteligentes ofendieran a los estadistas.,"T.S. Eliot, entonces editor, rechazó el manuscrito por este motivo.","[""Verdadero"", ""Falso""]",0,,,,,,
course_102_la_ferme_des_animaux_george_orwell,course_102_la_ferme_des_animaux_george_orwell_q4,mcq,¿Qué representan los perros de Napoleón en la alegoría?,Los perros entrenados por Napoleón para perseguir a Snowball y aterrorizar la granja representan a la policía secreta soviética.,"[""la policia secreta"", ""El ejército regular del zar"", ""Los campesinos rebeldes"", ""Periodistas oficiales""]",0,,,,,,
course_102_la_ferme_des_animaux_george_orwell,course_102_la_ferme_des_animaux_george_orwell_q5,mcq,¿Qué animal encarna al proletariado explotado hasta el agotamiento?,"Malabar, un caballo de batalla devoto e incansable, simboliza un proletariado que trabaja sin cuestionar jamás la autoridad.","[""Malabar, el caballo trabajador"", ""Brille-Babil, el propagandista"", ""El viejo mayor"", ""Bola de nieve""]",0,,,,,,
course_102_la_ferme_des_animaux_george_orwell,course_102_la_ferme_des_animaux_george_orwell_q6,chronological,Pon en orden estos pasos de Animal Farm.,Esta secuencia muestra el paso gradual de la revolución igualitaria a la dictadura de los cerdos.,,,"[""Los animales persiguen al granjero Jones."", ""Napoleón persigue a Snowball con sus perros"", ""Los cerdos cambian en secreto los Siete Mandamientos"", ""Los cerdos empiezan a caminar sobre dos patas""]",,,,,
course_102_la_ferme_des_animaux_george_orwell,course_102_la_ferme_des_animaux_george_orwell_q7,mcq,"¿Qué fórmula final resume, al final de la novela, la traición al ideal igualitario?","Esta paradójica fórmula, inscrita en la pared del granero, revela que la igualdad proclamada ha sido vaciada de su significado.","[""“Todos los animales son iguales, pero algunos animales son más iguales que otros”"", ""“Los cerdos deben servir a otros animales”"", ""“Napoleón siempre tiene razón”"", ""“El molino será nuestra salvación”""]",0,,,,,,
course_102_la_ferme_des_animaux_george_orwell,course_102_la_ferme_des_animaux_george_orwell_q8,trueFalse,"Verdadero o falso: al final de la novela, los demás animales ya no son capaces de distinguir a los cerdos de los humanos.","Los cerdos caminan sobre dos patas, se visten y banquetean con los granjeros, borrando por completo la línea entre ellos.","[""Verdadero"", ""Falso""]",0,,,,,,
course_102_la_ferme_des_animaux_george_orwell,course_102_la_ferme_des_animaux_george_orwell_q9,numericSlider,"¿Aproximadamente cuántas palabras tiene Animal Farm, un texto deliberadamente muy breve?","Orwell presenta su alegoría en apenas 30.000 palabras, lo que refuerza la eficacia de la fábula.",,,,30000.0,15000.0,50000.0,5000.0,palabras
course_103_hamlet_shakespeare,course_103_hamlet_shakespeare_q1,mcq,"¿Quién asesina al rey de Dinamarca, el padre de Hamlet?","Claudio mata a su hermano, el rey, luego se casa con la reina Gertrudis y toma el trono.","[""Claudio"", ""Polonio"", ""Laertes"", ""Fortinbrás""]",0,,,,,,
course_103_hamlet_shakespeare,course_103_hamlet_shakespeare_q2,mcq,¿Quién le cuenta a Hamlet sobre el asesinato de su padre?,El fantasma del rey fallecido se le aparece a Hamlet para revelarle el crimen de Claudio.,"[""El fantasma de su padre."", ""Su madre Gertrudis"", ""Ofelia"", ""Horacio""]",0,,,,,,
course_103_hamlet_shakespeare,course_103_hamlet_shakespeare_q3,mcq,¿Qué estrategia adopta Hamlet para investigar el crimen sin revelarse?,"Hamlet finge locura para observar el tribunal sin despertar sospechas, estrategia que finalmente fracasa.","[""El simula locura"", ""Se exilia en Wittenberg."", ""Acusa públicamente a Claudio"", ""Se une a un grupo de teatro.""]",0,,,,,,
course_103_hamlet_shakespeare,course_103_hamlet_shakespeare_q4,trueFalse,"Verdadero o falso: durante el reinado de Isabel I, los papeles femeninos como el de Ofelia eran interpretados por mujeres en el escenario.","A las mujeres se les prohibió subir al escenario: los papeles femeninos eran interpretados por hombres, a menudo adolescentes.","[""Verdadero"", ""Falso""]",1,,,,,,
course_103_hamlet_shakespeare,course_103_hamlet_shakespeare_q5,mcq,¿Qué promulga Hamlet para atrapar a Claudio y confirmar su culpabilidad?,Hamlet representa una obra de teatro que recrea el asesinato de su padre para observar la reacción de Claudio.,"[""Una habitación dentro de una habitación, la “Ratonera”"", ""Un duelo público"", ""Un juicio en la corte"", ""Una carta anónima""]",0,,,,,,
course_103_hamlet_shakespeare,course_103_hamlet_shakespeare_q6,mcq,"¿A quién mata Hamlet por error, precipitando la trágica espiral?","Hamlet mata a Polonio, el consejero del rey, creyendo que está golpeando a un espía escondido detrás de una cortina.","[""Polonio"", ""Laertes"", ""Claudio"", ""Horacio""]",0,,,,,,
course_103_hamlet_shakespeare,course_103_hamlet_shakespeare_q7,mcq,"Según la medicina de la época, ¿qué explica la melancolía de Hamlet?","La medicina isabelina atribuía la melancolía a un exceso de bilis negra, volviendo al sujeto brillante pero paralizado.","[""Exceso de bilis negra"", ""posesión demoníaca"", ""Un desequilibrio de sangre caliente."", ""Una maldición familiar""]",0,,,,,,
course_103_hamlet_shakespeare,course_103_hamlet_shakespeare_q8,mcq,"¿Qué lectura propone Freud de Hamlet, varios siglos después de Shakespeare?","Freud interpreta la vacilación de Hamlet a través del complejo de Edipo, popularizando una lectura psicoanalítica de la obra.","[""Lo ve como una expresión del complejo de Edipo."", ""Lo ve como una crítica al capitalismo emergente."", ""Lo ve como una alegoría religiosa."", ""Lo ve como un alegato a favor de la monarquía.""]",0,,,,,,
course_103_hamlet_shakespeare,course_103_hamlet_shakespeare_q9,trueFalse,Verdadero o falso: el monólogo “Ser o no ser” sigue siendo la pregunta existencial más famosa del teatro occidental.,"Este monólogo se ha vuelto emblemático de la cuestión existencial en el teatro, oponiendo acción y sufrimiento.","[""Verdadero"", ""Falso""]",0,,,,,,
course_104_romeo_et_juliette_shakespeare,course_104_romeo_et_juliette_shakespeare_q1,mcq,¿En qué fuente se basó principalmente Shakespeare para escribir Romeo y Julieta?,"Shakespeare se inspira en el narrador italiano Matteo Bandello, pero comprime la acción en cinco días para intensificar la tragedia.","[""Un cuento de Matteo Bandello"", ""Un antiguo mito griego"", ""Una obra de Christopher Marlowe"", ""Una noticia contemporánea de Londres""]",0,,,,,,
course_104_romeo_et_juliette_shakespeare,course_104_romeo_et_juliette_shakespeare_q2,numericSlider,¿En cuántos días condensa Shakespeare toda la acción de la obra?,"Shakespeare endurece la trama durante cinco días, haciendo que la catástrofe final sea aún más inevitable.",,,,5.0,1.0,14.0,1.0,días
course_104_romeo_et_juliette_shakespeare,course_104_romeo_et_juliette_shakespeare_q3,mcq,¿Qué evento cambia el tono de la obra de comedia a tragedia?,"La muerte de Mercucio, asesinado por Teobaldo, elimina el descuido y convierte definitivamente la obra en tragedia.","[""La muerte de Mercucio"", ""El baile de máscaras de los Capuleto"", ""El matrimonio secreto de los amantes"", ""El destierro de Romeo""]",0,,,,,,
course_104_romeo_et_juliette_shakespeare,course_104_romeo_et_juliette_shakespeare_q4,mcq,¿Quién celebra el matrimonio secreto de Romeo y Julieta con la esperanza de reconciliar a las dos familias?,"El hermano Laurent se casa en secreto con los amantes, esperando que su unión aplaque el odio entre los clanes.","[""Hermano Laurent"", ""El Príncipe de Verona"", ""Mercucio"", ""la enfermera de julieta""]",0,,,,,,
course_104_romeo_et_juliette_shakespeare,course_104_romeo_et_juliette_shakespeare_q5,mcq,¿Qué impide que el mensaje del hermano Lorenzo llegue a Romeo a tiempo?,"Una epidemia de peste retrasa al mensajero encargado de avisar a Romeo, precipitando el doble suicidio final.","[""Una epidemia de peste que retrasa al mensajero"", ""Una tormenta en el mar"", ""El arresto del mensajero por el Príncipe"", ""Un error de dirección""]",0,,,,,,
course_104_romeo_et_juliette_shakespeare,course_104_romeo_et_juliette_shakespeare_q6,trueFalse,"Verdadero o falso: en Bandello, la fuente italiana de Shakespeare, Julieta despierta antes de que Romeo muera, a diferencia de la obra.",Shakespeare suprime esta despedida presente en Bandello para hacer más cruel el final de la obra.,"[""Verdadero"", ""Falso""]",0,,,,,,
course_104_romeo_et_juliette_shakespeare,course_104_romeo_et_juliette_shakespeare_q7,mcq,¿Quién mata a Teobaldo y provoca el destierro de Romeo de Verona?,"Romeo mata a Teobaldo para vengar a Mercucio, lo que provoca su destierro de la ciudad.","[""El propio Romeo"", ""Mercucio"", ""Conde París"", ""El Príncipe de Verona""]",0,,,,,,
course_104_romeo_et_juliette_shakespeare,course_104_romeo_et_juliette_shakespeare_q8,mcq,¿Qué obra del siglo XX traslada el conflicto de los clanes de Verona a las calles de Nueva York?,West Side Story reemplaza a los Montesco y Capuleto con las pandillas Tiburones y Jets.,"[""Historia del lado oeste"", ""Grasa"", ""el padrino"", ""La furia de vivir""]",0,,,,,,
course_104_romeo_et_juliette_shakespeare,course_104_romeo_et_juliette_shakespeare_q9,trueFalse,Verdadero o falso: Dante ya hablaba de las familias Montecchi y Cappelletti dos siglos antes que Shakespeare.,"Dante menciona a estas dos familias veronesas en su obra, mucho antes de que Shakespeare las convirtiera en una tragedia universal.","[""Verdadero"", ""Falso""]",0,,,,,,
course_105_le_meilleur_des_mondes_aldous_huxley,course_105_le_meilleur_des_mondes_aldous_huxley_q1,mcq,¿En qué se diferencia la dominación imaginada por Huxley de la de Orwell en 1984?,"Donde Orwell describe el terror policial, Huxley imagina la sumisión voluntaria obtenida a través del placer y la comodidad.","[""Se basa en el placer y la comodidad más que en el terror."", ""Se basa en el hambre organizada."", ""Se basa en una guerra permanente."", ""Depende de la vigilancia policial constante.""]",0,,,,,,
course_105_le_meilleur_des_mondes_aldous_huxley,course_105_le_meilleur_des_mondes_aldous_huxley_q2,mcq,¿Qué modelo industrial inspiró Huxley para organizar su sociedad futura?,Huxley traspone la lógica de las líneas de montaje y la estandarización industrial a la propia reproducción humana.,"[""Fordismo y taylorismo"", ""colonialismo británico"", ""militarismo prusiano"", ""artesanía tradicional""]",0,,,,,,
course_105_le_meilleur_des_mondes_aldous_huxley,course_105_le_meilleur_des_mondes_aldous_huxley_q3,trueFalse,"Verdadero o falso: el título original, Un mundo feliz, cita irónicamente una obra de Shakespeare.","El título cita La Tempestad de Shakespeare, cuya ingenua maravilla aquí enmascara un futuro deshumanizado.","[""Verdadero"", ""Falso""]",0,,,,,,
course_105_le_meilleur_des_mondes_aldous_huxley,course_105_le_meilleur_des_mondes_aldous_huxley_q4,mcq,"¿Cómo se determinan en la novela las castas sociales, desde los Alfas hasta los Épsilons?","El proceso de Bokanovsky permite que cada casta sea producida y condicionada desde la concepción, para que le guste su condición.","[""Del diseño, gracias al proceso Bokanovsky"", ""Mediante un examen realizado siendo adulto"", ""Por herencia familiar"", ""Por empate al nacer""]",0,,,,,,
course_105_le_meilleur_des_mondes_aldous_huxley,course_105_le_meilleur_des_mondes_aldous_huxley_q5,mcq,¿Qué papel juega el soma en esta sociedad?,Soma es un fármaco sin efectos secundarios que disuelve instantáneamente cualquier frustración o dolor.,"[""Es una droga reconfortante que elimina toda frustración."", ""Es un combustible reservado para la industria."", ""Es una vacuna obligatoria para todos"", ""Es un alimento básico racionado.""]",0,,,,,,
course_105_le_meilleur_des_mondes_aldous_huxley,course_105_le_meilleur_des_mondes_aldous_huxley_q6,mcq,¿Quién es John el Salvaje?,"John, nacido fuera del sistema en una Reserva, encarna al humanista capaz de sufrir dolor y éxtasis, formado leyendo a Shakespeare.","[""Un hombre nacido naturalmente en una Reserva, que leyó a Shakespeare"", ""El controlador del sistema global"", ""Un Alfa rebelde criado en la capital."", ""Un científico que creó el soma.""]",0,,,,,,
course_105_le_meilleur_des_mondes_aldous_huxley,course_105_le_meilleur_des_mondes_aldous_huxley_q7,mcq,"¿Qué reclama John contra Mustapha Mond, el Contralor Mundial?","Juan rechaza el consuelo artificial y reivindica el derecho a sufrir, a crear y a amar de verdad.","[""El derecho a ser infeliz"", ""El derecho a poseer más soma."", ""El derecho a gobernar el mundo."", ""El derecho a vivir en la capital.""]",0,,,,,,
course_105_le_meilleur_des_mondes_aldous_huxley,course_105_le_meilleur_des_mondes_aldous_huxley_q8,trueFalse,"Verdadero o falso: al final de la novela, John acepta vivir cómodamente en Un Mundo Feliz.","John rechaza el soma y el paraíso artificial propuesto por Mond: se suicida, sin reconciliación posible.","[""Verdadero"", ""Falso""]",1,,,,,,
course_105_le_meilleur_des_mondes_aldous_huxley,course_105_le_meilleur_des_mondes_aldous_huxley_q9,numericSlider,¿En qué año publicó Aldous Huxley Un mundo feliz?,"Huxley publicó esta novela en 1932, habiéndola escrito el año anterior.",,,,1932.0,1900.0,1960.0,3.0,
course_106_frankenstein_mary_shelley,course_106_frankenstein_mary_shelley_q1,mcq,¿Qué acontecimiento climático obligó a Mary Shelley y sus amigos a permanecer encerrados en Villa Diodati en 1816?,"La erupción del Tambora sumió a Europa en un año sin verano en 1816, lo que obligó al grupo a permanecer encerrado a orillas del lago Lemán.","[""La erupción del volcán Tambora provoca un año sin verano"", ""Una epidemia de cólera en Europa"", ""Una guerra napoleónica"", ""Un invierno duro pero habitual""]",0,,,,,,
course_106_frankenstein_mary_shelley,course_106_frankenstein_mary_shelley_q2,mcq,¿Quién organiza el concurso de historias de miedo de Frankenstein?,Fue Lord Byron quien propuso este concurso para aliviar el aburrimiento durante el mal tiempo de 1816.,"[""Señor Byron"", ""Percy Shelly"", ""John Polidori"", ""La propia Mary Shelley""]",0,,,,,,
course_106_frankenstein_mary_shelley,course_106_frankenstein_mary_shelley_q3,numericSlider,¿Qué edad tenía Mary Shelley cuando escribió Frankenstein?,"Mary Shelley tenía sólo 18 años cuando escribió esta novela, en la encrucijada del romanticismo oscuro y los debates científicos de su época.",,,,18.0,10.0,30.0,2.0,años
course_106_frankenstein_mary_shelley,course_106_frankenstein_mary_shelley_q4,mcq,¿En qué campo científico se inspira Mary Shelley para el despertar de la criatura?,"El galvanismo, que parecía animar la materia muerta con electricidad, inspira directamente la escena de la creación de la criatura.","[""Galvanismo, estos experimentos eléctricos sobre materia muerta."", ""Química industrial emergente"", ""astronomía newtoniana"", ""medicina tropical""]",0,,,,,,
course_106_frankenstein_mary_shelley,course_106_frankenstein_mary_shelley_q5,mcq,¿Por qué Victor Frankenstein busca el secreto de la vida en Ingolstadt?,"A Víctor lo mueve la ambición de desafiar el orden natural y convertirse en un creador, un ""Prometeo moderno"".","[""Convertirse en un Prometeo moderno, no hacerse rico"", ""Para curar una enfermedad familiar."", ""Para obtener el reconocimiento financiero"", ""Para vengar la muerte de su padre""]",0,,,,,,
course_106_frankenstein_mary_shelley,course_106_frankenstein_mary_shelley_q6,mcq,¿Cómo aprende la criatura el lenguaje y los sentimientos humanos?,"La criatura aprende sola, en secreto, observando a una familia campesina y leyendo El paraíso perdido.","[""Observando a una familia campesina y leyendo El paraíso perdido de Milton"", ""Tomando cursos en la Universidad de Ingolstadt"", ""Leyendo los diarios de Victor"", ""Escuchando a los sacerdotes viajeros""]",0,,,,,,
course_106_frankenstein_mary_shelley,course_106_frankenstein_mary_shelley_q7,mcq,"¿Qué le pide la criatura a Víctor, quien se lo niega?",La criatura pide un compañero para ya no estar sola; La negativa de Víctor desencadena su destructiva venganza.,"[""Una compañera de su condición."", ""dinero para viajar"", ""Un nombre para existir socialmente"", ""Un perdón público por sus crímenes""]",0,,,,,,
course_106_frankenstein_mary_shelley,course_106_frankenstein_mary_shelley_q8,trueFalse,"Verdadero o falso: en la novela, el nombre ""Frankenstein"" se refiere al creador, mientras que la criatura en sí no tiene nombre.","La criatura nunca tiene un nombre propio, signo de la negación de paternidad por parte de Víctor: llamar al monstruo ""Frankenstein"" es, por tanto, una mala interpretación.","[""Verdadero"", ""Falso""]",0,,,,,,
course_106_frankenstein_mary_shelley,course_106_frankenstein_mary_shelley_q9,mcq,"¿Dónde termina la novela, entre la muerte de Víctor y la desaparición de la criatura?","La novela termina en el hielo del Ártico, donde Víctor muere y la criatura desaparece entre las nieblas.","[""en el ártico"", ""En Ginebra"", ""En Ingolstadt"", ""En el mar Mediterráneo abierto""]",0,,,,,,
course_10_la_decouverte_de_l_amerique_1492,course_10_la_decouverte_de_l_amerique_1492_q1,numericSlider,¿En qué año llegó Cristóbal Colón a las Bahamas?,Colón desembarcó el 12 de octubre de 1492 en una isla de las Bahamas a la que llamó San Salvador.,,,,1492.0,1450.0,1520.0,3.0,
course_10_la_decouverte_de_l_amerique_1492,course_10_la_decouverte_de_l_amerique_1492_q2,mcq,¿Cuál fue el verdadero propósito económico de la expedición de Colón hacia el oeste?,"Colón busca una ruta occidental hacia Asia para eludir a los otomanos, que controlan las rutas comerciales de Oriente.","[""Llega a las especias y la seda sin pasar por rutas controladas por los otomanos."", ""Demostrar que la Tierra es redonda"", ""Colonizar África Occidental"", ""Encontrar oro para financiar una cruzada""]",0,,,,,,
course_10_la_decouverte_de_l_amerique_1492,course_10_la_decouverte_de_l_amerique_1492_q3,trueFalse,"Verdadero o falso: Cristóbal Colón buscó sobre todo demostrar que la Tierra era redonda, una idea desconocida antes de él.",La esfericidad de la Tierra ya fue calculada por el erudito griego Eratóstenes en el siglo III a.C. ANUNCIO; El objetivo de Colón era económico.,"[""Verdadero"", ""Falso""]",1,,,,,,
course_10_la_decouverte_de_l_amerique_1492,course_10_la_decouverte_de_l_amerique_1492_q4,mcq,¿Cuáles son los tres barcos de la expedición de 1492?,"Estos tres barcos partieron de Palos, España, el 3 de agosto de 1492, con una tripulación de aproximadamente 90 hombres.","[""La Pinta, la Niña y la Santa María"", ""La Santa Fe, la Reina y la Isabela"", ""Victoria, Trinidad y Concepción"", ""Santa Clara, Gallega y Aztlán""]",0,,,,,,
course_10_la_decouverte_de_l_amerique_1492,course_10_la_decouverte_de_l_amerique_1492_q5,numericSlider,¿Cuántos días se necesitan para cruzar el Atlántico hasta San Salvador?,"La travesía dura aproximadamente 70 días, desde principios de agosto hasta mediados de octubre de 1492.",,,,70.0,30.0,120.0,7.0,días
course_10_la_decouverte_de_l_amerique_1492,course_10_la_decouverte_de_l_amerique_1492_q6,mcq,"¿Cómo llamó Colón a los habitantes indígenas que encontró, convencido de que estaban en Asia?","Convencido de haber llegado a las Indias, Colón llama “indios” a los taínos que encuentra.","[""indios"", ""aztecas"", ""bárbaros"", ""sarracenos""]",0,,,,,,
course_10_la_decouverte_de_l_amerique_1492,course_10_la_decouverte_de_l_amerique_1492_q7,mcq,¿Qué es la Bolsa de Colombia?,"Esta transferencia trae patatas y tomates a Europa, y trigo, caballos o ganado a América, cambiando ambos mundos para siempre.","[""Una transferencia masiva de plantas, animales y enfermedades entre Europa y América"", ""Un tratado de paz entre España y Portugal"", ""La trata de esclavos entre África y las Indias Occidentales"", ""El intercambio de prisioneros de guerra entre Colón y los taínos""]",0,,,,,,
course_10_la_decouverte_de_l_amerique_1492,course_10_la_decouverte_de_l_amerique_1492_q8,percentageSlider,¿Qué proporción de poblaciones indígenas muere a causa de enfermedades importadas de Europa en un siglo?,"La viruela, el sarampión y la gripe matan entre el 50 y el 90% de las poblaciones indígenas en un siglo, según la región.",,,,70.0,0.0,100.0,20.0,%
course_10_la_decouverte_de_l_amerique_1492,course_10_la_decouverte_de_l_amerique_1492_q9,mcq,"En 1507, ¿qué cartógrafo le dio al continente el nombre de América?","En 1507, el cartógrafo Waldseemüller nombró al continente América, en homenaje al navegante Amerigo Vespucci.","[""Waldseemüller"", ""Vespucci"", ""Magallanes"", ""Colón""]",0,,,,,,
course_10_la_decouverte_de_l_amerique_1492,course_10_la_decouverte_de_l_amerique_1492_q10,chronological,Ordena cronológicamente estas etapas de la expedición de Colón.,"Estas cuatro etapas van desde agosto de 1492 hasta 1507: salida, llegada a las Bahamas, Tratado de Tordesillas y luego el nombre que se le da al continente.",,,"[""La salida de los tres barcos de Palos"", ""Llegada a una isla de las Bahamas."", ""Compartiendo el mundo entre España y Portugal"", ""El bautismo del continente americano por Waldseemüller""]",,,,,
course_115_cent_ans_de_solitude_garcia_marquez,course_115_cent_ans_de_solitude_garcia_marquez_q1,mcq,¿Cuántas generaciones de la familia Buendía abarca la novela en Macondo?,"La novela recorre siete generaciones de la familia Buendía en Macondo, desde el fundador del pueblo hasta sus últimos descendientes.","[""Siete generaciones"", ""Tres generaciones"", ""Doce generaciones"", ""Una sola generación""]",0,,,,,,
course_115_cent_ans_de_solitude_garcia_marquez,course_115_cent_ans_de_solitude_garcia_marquez_q2,mcq,¿A qué movimiento literario mundial dio origen Cien años de soledad?,"Cien años de soledad es la partida de nacimiento global del realismo mágico, donde lo maravilloso se cuenta como un hecho cotidiano.","[""Realismo mágico"", ""la nueva novela"", ""Naturalismo"", ""Surrealismo""]",0,,,,,,
course_115_cent_ans_de_solitude_garcia_marquez,course_115_cent_ans_de_solitude_garcia_marquez_q3,mcq,¿Quién fundó el pueblo de Macondo en la selva?,"José Arcadio Buendía fundó el pueblo de Macondo en la selva, cuna de toda la saga familiar.","[""José Arcadio Buendía"", ""Coronel Aureliano Buendía"", ""Melquíades, el gitano"", ""El propio García Márquez""]",0,,,,,,
course_115_cent_ans_de_solitude_garcia_marquez,course_115_cent_ans_de_solitude_garcia_marquez_q4,mcq,¿Qué pasa con el coronel Aureliano Buendía después de sus treinta y dos levantamientos armados?,"El coronel Aureliano Buendía encabeza treinta y dos levantamientos armados y los pierde todos, sin derribar jamás el poder vigente.","[""Él los pierde a todos"", ""Termina tomando el poder"", ""Murió durante el primer levantamiento."", ""Sale de Colombia al exilio""]",0,,,,,,
course_115_cent_ans_de_solitude_garcia_marquez,course_115_cent_ans_de_solitude_garcia_marquez_q5,mcq,¿Qué acontecimiento histórico real traspone la masacre de los trabajadores en la novela?,"El episodio de la masacre de los trabajadores traspone la masacre real de las plataneras colombianas de 1928, posteriormente borrada de la memoria colectiva.","[""La masacre de las plantaciones bananeras colombianas de 1928"", ""La Guerra Civil colombiana del siglo XIX."", ""independencia colombiana"", ""La revolución cubana""]",0,,,,,,
course_115_cent_ans_de_solitude_garcia_marquez,course_115_cent_ans_de_solitude_garcia_marquez_q6,trueFalse,"Verdadero o falso: cuando Remedios asciende al cielo doblando sábanas, el narrador enfatiza lo extraordinario del suceso.","El narrador no muestra ninguna sorpresa: lo mágico se cuenta como una extensión orgánica de la realidad, sin el elemento sorpresa.","[""Verdadero"", ""Falso""]",1,,,,,,
course_115_cent_ans_de_solitude_garcia_marquez,course_115_cent_ans_de_solitude_garcia_marquez_q7,mcq,"¿Qué revela el manuscrito Melquíades, escrito en sánscrito?","El manuscrito Melquíades relata de antemano, en sánscrito, cien años de la historia de la familia Buendía.","[""La historia completa de la familia Buendía, cien años antes de que sucediera"", ""Las recetas alquímicas del pueblo"", ""El mapa de las minas de oro de la región."", ""Un tratado de paz entre familias rivales""]",0,,,,,,
course_115_cent_ans_de_solitude_garcia_marquez,course_115_cent_ans_de_solitude_garcia_marquez_q8,mcq,¿Qué hace García Márquez justo después de tener su iluminación creativa mientras conduce hacia Acapulco?,"García Márquez dio un giro y se aisló durante dieciocho meses para escribir la novela, mientras su esposa empeñó sus propiedades.","[""Dio media vuelta y se aisló durante dieciocho meses para escribir la novela."", ""Abandona definitivamente el proyecto"", ""Inmediatamente se marcha para presentar su idea a un editor."", ""Comienza a escribir la novela en inglés.""]",0,,,,,,
course_115_cent_ans_de_solitude_garcia_marquez,course_115_cent_ans_de_solitude_garcia_marquez_q9,trueFalse,"Verdadero o falso: el tiempo en Macondo es circular, y los Buendía repiten los errores de sus antepasados.","El tiempo en Macondo es circular: los miembros de la familia Buendía repiten, generación tras generación, los errores de sus antepasados.","[""Verdadero"", ""Falso""]",0,,,,,,
course_115_cent_ans_de_solitude_garcia_marquez,course_115_cent_ans_de_solitude_garcia_marquez_q10,numericSlider,¿En qué año recibió García Márquez el Premio Nobel de Literatura?,"García Márquez recibió el Premio Nobel de Literatura en 1982, quince años después de la publicación de la novela.",,,,1982.0,1960.0,2000.0,3.0,
course_116_la_metamorphose_kafka,course_116_la_metamorphose_kafka_q1,mcq,"¿Cómo comienza La Metamorfosis, en uno de los incipits más famosos de la literatura?","La novela comienza con Gregor Samsa despertando transformado en un insecto monstruoso, sin explicación alguna del fenómeno.","[""Gregor Samsa despierta transformado en un monstruoso insecto"", ""Gregor Samsa va a trabajar como cada mañana"", ""La familia Samsa se entera de la muerte de Gregor."", ""Gregor Samsa abandona la casa familiar""]",0,,,,,,
course_116_la_metamorphose_kafka,course_116_la_metamorphose_kafka_q2,mcq,¿Cuál era la profesión de Gregorio Samsa antes de su transformación?,"Antes de su transformación, Gregor era viajante de comercio y el único sustento económico de su familia.","[""Vendedor ambulante, único sostén económico de su familia"", ""medico rural"", ""Empleado de banco en Praga"", ""Profesor de Filología""]",0,,,,,,
course_116_la_metamorphose_kafka,course_116_la_metamorphose_kafka_q3,trueFalse,Verdadero o falso: Kafka explica detalladamente en el cuento cómo y por qué Gregorio se transforma en insecto.,"Kafka trata la transformación con realismo clínico, sin explicar jamás el fenómeno; la atención se centra en sus consecuencias.","[""Verdadero"", ""Falso""]",1,,,,,,
course_116_la_metamorphose_kafka,course_116_la_metamorphose_kafka_q4,mcq,¿Por qué Kafka prohíbe a su editor representar el insecto en la portada del libro?,"Kafka prefirió que el lector imaginara el horror de la transformación por sí mismo, en lugar de verlo fijado en una ilustración.","[""Para que cada lector imagine su propia versión del terror"", ""Porque el diseño costó demasiado hacer"", ""Porque la censura lo habría prohibido."", ""Porque quería mantener al autor en el anonimato.""]",0,,,,,,
course_116_la_metamorphose_kafka,course_116_la_metamorphose_kafka_q5,mcq,¿Quién desobedeció los últimos deseos de Kafka al publicar sus manuscritos en lugar de destruirlos?,"Max Brod, amigo de Kafka, desobedeció sus últimos deseos al publicar sus manuscritos en lugar de destruirlos.","[""Su amigo Max Brod"", ""Su hermana Greta"", ""Su editor praguense"", ""Su prometida""]",0,,,,,,
course_116_la_metamorphose_kafka,course_116_la_metamorphose_kafka_q6,mcq,¿Quién de la familia Samsa alimenta y limpia la habitación de Gregorio al comienzo de su metamorfosis?,"Al principio, es su hermana Grete quien alimenta a Gregor y limpia su habitación, antes de que su devoción se erosione con el tiempo.","[""Su hermana Greta"", ""su madre"", ""su padre"", ""Un huésped alquilado""]",0,,,,,,
course_116_la_metamorphose_kafka,course_116_la_metamorphose_kafka_q7,mcq,¿Qué hacen los Samsa para mantenerse después de la transformación de Gregor?,"Para sobrevivir, cada miembro de la familia vuelve a trabajar y alquila habitaciones a los internos.","[""Todos vuelven a trabajar y alquilan habitaciones a internos."", ""Venden la casa familiar"", ""Se mudan al campo"", ""Piden ayuda al municipio""]",0,,,,,,
course_116_la_metamorphose_kafka,course_116_la_metamorphose_kafka_q8,mcq,¿Cómo termina la vida de Gregor cuando Grete declara que deben deshacerse de él?,"Al darse cuenta de que ya no tiene su lugar, Gregor se muere de hambre en su habitación.","[""Se deja morir de hambre"", ""Se escapa por la ventana"", ""De repente vuelve a ser humano."", ""Su padre lo ahuyenta a la fuerza.""]",0,,,,,,
course_116_la_metamorphose_kafka,course_116_la_metamorphose_kafka_q9,trueFalse,Verdadero o falso: la muerte de Gregor es vivida por su familia como una tragedia desgarradora.,"La muerte de Gregor es, por el contrario, una liberación para su familia, que sale a pasear pensando ya en el matrimonio de Grete.","[""Verdadero"", ""Falso""]",1,,,,,,
course_116_la_metamorphose_kafka,course_116_la_metamorphose_kafka_q10,numericSlider,¿En qué año escribió Kafka La metamorfosis?,"Kafka escribió La Metamorfosis en 1912, en un período de gran creatividad, antes de su publicación en 1915.",,,,1912.0,1880.0,1940.0,3.0,
course_117_le_maitre_et_marguerite_boulgakov,course_117_le_maitre_et_marguerite_boulgakov_q1,mcq,¿Qué tres mundos entrelaza la novela El maestro y Margarita?,"La novela teje tres mundos: el Moscú soviético de los años 30, la antigua Jerusalén y un espacio fantástico gobernado por el diablo.","[""El Moscú soviético, la antigua Jerusalén y un mundo de fantasía gobernado por el diablo"", ""Moscú, San Petersburgo y Kyiv."", ""El pasado zarista, el presente estalinista y un futuro comunista ideal"", ""Berlín, París y Moscú""]",0,,,,,,
course_117_le_maitre_et_marguerite_boulgakov,course_117_le_maitre_et_marguerite_boulgakov_q2,mcq,¿Por qué Bulgakov quemó el primer manuscrito de la novela en 1930?,"Por temor a ser registrado por la policía política soviética, el NKVD, Bulgakov quemó su primer manuscrito y luego comenzó a escribir nuevamente de memoria.","[""Por miedo a los registros del NKVD"", ""Porque consideró el texto inacabado."", ""Por órdenes directas de Stalin"", ""Porque se produjo un incendio accidental""]",0,,,,,,
course_117_le_maitre_et_marguerite_boulgakov,course_117_le_maitre_et_marguerite_boulgakov_q3,trueFalse,Verdadero o falso: Bulgakov publicó su novela íntegramente durante su vida.,Bulgakov murió en 1940 sin ver publicada su obra; la novela no aparecería completa hasta 1967.,"[""Verdadero"", ""Falso""]",1,,,,,,
course_117_le_maitre_et_marguerite_boulgakov,course_117_le_maitre_et_marguerite_boulgakov_q4,mcq,¿Quién llega a Moscú con su gato negro Behemoth y siembra el pánico entre la casta literaria?,"Woland, que no es otro que Satán, llega a Moscú con su gato negro Behemoth y siembra el pánico entre la corrupta casta literaria.","[""Woland, es decir, Satanás"", ""El Maestro, el escritor perseguido"", ""Poncio Pilato"", ""Capitán del servicio secreto soviético""]",0,,,,,,
course_117_le_maitre_et_marguerite_boulgakov,course_117_le_maitre_et_marguerite_boulgakov_q5,mcq,¿Qué dice el Maestro en la novela que escribe dentro de la novela?,"El Maestro escribe la historia de Poncio Pilato y Yeshua Ha-Nozri en Jerusalén, en paralelo con la intriga moscovita.","[""La historia de Poncio Pilato y Yeshua Ha-Nozri"", ""La vida cotidiana en Moscú bajo Stalin"", ""Las guerras napoleónicas"", ""Una biografía imaginaria de Woland.""]",0,,,,,,
course_117_le_maitre_et_marguerite_boulgakov,course_117_le_maitre_et_marguerite_boulgakov_q6,mcq,"¿Qué hace Marguerite para salvar al Maestro, internado tras la destrucción de su manuscrito?","Marguerite acepta convertirse en bruja y presidir el baile del diablo para salvar al Maestro, en un sacrificio amoroso total.","[""Se convierte en bruja y preside el baile del diablo."", ""Denuncia a Woland ante las autoridades."", ""Ella misma reescribió el manuscrito perdido."", ""Se exilia en Leningrado.""]",0,,,,,,
course_117_le_maitre_et_marguerite_boulgakov,course_117_le_maitre_et_marguerite_boulgakov_q7,mcq,¿Qué vicio presenta Woland como el más terrible de todos?,"Woland revela que la cobardía es el más terrible de los vicios, tanto el de Poncio Pilato como el de los críticos soviéticos.","[""Cobardía"", ""Orgullo"", ""Codicia"", ""Crueldad""]",0,,,,,,
course_117_le_maitre_et_marguerite_boulgakov,course_117_le_maitre_et_marguerite_boulgakov_q8,mcq,¿Qué significa la famosa frase “Los manuscritos no se queman”?,Esta frase afirma que la verdad del arte siempre acaba triunfando sobre la represión y la censura política.,"[""Que las ideas verdaderas sobrevivan a la censura"", ""Que el papel utilizado por Bulgakov no era inflamable"", ""Que Stalin prohibió la destrucción de libros."", ""Que las bibliotecas soviéticas eran a prueba de fuego""]",0,,,,,,
course_117_le_maitre_et_marguerite_boulgakov,course_117_le_maitre_et_marguerite_boulgakov_q9,mcq,¿Cómo circuló clandestinamente la novela en la URSS antes de su publicación oficial?,"En la URSS, la novela circulaba en samizdat, copias mecanografiadas clandestinas intercambiadas entre lectores.","[""En forma de samizdat, copias clandestinas mecanografiadas."", ""Por lecturas públicas secretas"", ""Gracias a una edición impresa en el extranjero e importada ilegalmente"", ""Por transmisión oral entre escritores""]",0,,,,,,
course_117_le_maitre_et_marguerite_boulgakov,course_117_le_maitre_et_marguerite_boulgakov_q10,trueFalse,Verdadero o falso: El Maestro y Margarita inspiraron la canción “Sympathy for the Devil” de los Rolling Stones.,"La novela inspiró a Mick Jagger a escribir ""Sympathy for the Devil"", después de que Marianne Faithfull le ofreciera una traducción al inglés en 1967.","[""Verdadero"", ""Falso""]",0,,,,,,
course_151_guernica_picasso,course_151_guernica_picasso_q1,mcq,¿Qué acontecimiento de 1937 empujó a Picasso a pintar Guernica?,"El 26 de abril de 1937, la ciudad vasca de Guernica fue bombardeada durante la Guerra Civil Española, lo que provocó que Picasso reaccionara con un enorme lienzo.","[""El bombardeo de la localidad vasca de Guernica"", ""La caída de Madrid"", ""El inicio de la Segunda Guerra Mundial"", ""La ejecución de Franco""]",0,,,,,,
course_151_guernica_picasso,course_151_guernica_picasso_q2,mcq,¿Por qué Picasso renunció al color para este cuadro?,"Picasso abandona el color para ceñirse a la urgencia del testimonio, como si pintara la portada de un periódico en blanco y negro.","[""Ceñirse a la urgencia del testimonio, como la portada de un periódico."", ""Porque se le acabó la pintura de colores."", ""Para cumplir una orden del gobierno español"", ""Por imitación del cubismo analítico.""]",0,,,,,,
course_151_guernica_picasso,course_151_guernica_picasso_q3,trueFalse,Verdadero o falso: Guernica describe una batalla heroica con soldados victoriosos.,"Guernica muestra una gramática de terror civil, caballo destripado y madre con hijo, y no una batalla heroica.","[""Verdadero"", ""Falso""]",1,,,,,,
course_151_guernica_picasso,course_151_guernica_picasso_q4,mcq,¿Qué bando apoyó el bombardeo de Guernica durante la Guerra Civil Española?,"El bombardeo de saturación de Guernica lo llevan a cabo los nacionalistas de Franco, apoyados por la Legión Cóndor alemana.","[""Los nacionalistas de Franco, ayudados por la Legión Cóndor alemana"", ""La Segunda República Española en solitario"", ""Las Brigadas Internacionales"", ""El gobierno francés""]",0,,,,,,
course_151_guernica_picasso,course_151_guernica_picasso_q5,trueFalse,Verdadero o falso: Picasso se negó a permitir que Guernica fuera enviado a España mientras Franco permaneciera en el poder.,"De hecho, Picasso se negó a permitir que la pintura llegara a España mientras Franco permaneciera en el poder.","[""Verdadero"", ""Falso""]",0,,,,,,
course_151_guernica_picasso,course_151_guernica_picasso_q6,numericSlider,¿En qué año regresó Guernica a España tras la muerte de Franco?,"El cuadro regresó a Madrid en 1981, tras el fin de la dictadura franquista.",,,,1981.0,1960.0,2000.0,3.0,
course_151_guernica_picasso,course_151_guernica_picasso_q7,mcq,¿Dónde permaneció protegida la pintura durante gran parte de la dictadura franquista?,"Tras la Exposición Universal de París, el cuadro permaneció mucho tiempo en el MoMA de Nueva York, protegido durante la dictadura de Franco.","[""En el MoMA de Nueva York"", ""En el Louvre de París"", ""En el Prado de Madrid"", ""En la Galería Nacional de Londres""]",0,,,,,,
course_151_guernica_picasso,course_151_guernica_picasso_q8,chronological,Ordena cronológicamente estas etapas de la historia de Guernica.,"El cuadro fue pintado después del bombardeo de abril de 1937, expuesto en la Exposición Universal de París ese mismo año, luego exiliado al MoMA antes de regresar a Madrid en 1981.",,,"[""El bombardeo de la localidad vasca de Guernica"", ""La Exposición Universal de París presenta el cuadro"", ""La obra se conserva en el MoMA de Nueva York"", ""El cuadro regresa a Madrid tras la muerte de Franco""]",,,,,
course_154_impression_soleil_levant_monet,course_154_impression_soleil_levant_monet_q1,mcq,"¿Dónde pintó Monet la escena representada en Impression, Soleil Levant?",Monet pintó el puerto de Le Havre temprano en la mañana alrededor de 1872.,"[""El puerto de El Havre"", ""El puerto de Marsella"", ""El Sena en París"", ""La Bahía de Nápoles""]",0,,,,,,
course_154_impression_soleil_levant_monet,course_154_impression_soleil_levant_monet_q2,mcq,"¿Quién, burlándose del cuadro en 1874, dio involuntariamente su nombre al impresionismo?",El crítico Louis Leroy se burló del cuadro en 1874 y a su pesar lo bautizó Impresionismo.,"[""El crítico Louis Leroy"", ""El pintor Édouard Manet"", ""El comerciante Paul Durand-Ruel"", ""Fotógrafo Nadar""]",0,,,,,,
course_154_impression_soleil_levant_monet,course_154_impression_soleil_levant_monet_q3,trueFalse,Verdadero o falso: el cuadro fue presentado en el Salón Oficial de Pintura de 1874.,"La pintura se exhibió en Nadar en 1874, fuera del Salón oficial.","[""Verdadero"", ""Falso""]",1,,,,,,
course_154_impression_soleil_levant_monet,course_154_impression_soleil_levant_monet_q4,mcq,¿Qué es lo que Monet intenta sobre todo plasmar en este cuadro?,"Lo principal no es el Documentary Haven, sino la vibración naranja en la niebla gris.","[""La vibración luminosa de un momento, más que el detalle documental del puerto"", ""Una precisa reconstrucción histórica del puerto."", ""Un retrato de los trabajadores de los astilleros."", ""Una postal turística de Le Havre""]",0,,,,,,
course_154_impression_soleil_levant_monet,course_154_impression_soleil_levant_monet_q5,numericSlider,¿En qué año se expuso en Nadar el cuadro que provocó el escándalo que dio nombre al movimiento?,"La pintura se exhibió en Nadar en 1874, donde Louis Leroy ironizó sobre su título.",,,,1874.0,1850.0,1900.0,3.0,
course_154_impression_soleil_levant_monet,course_154_impression_soleil_levant_monet_q6,mcq,¿Quién apoya económicamente a Monet cuando el público francés todavía duda sobre su cuadro?,El marchante Paul Durand-Ruel apoyó a Monet cuando el público francés aún dudaba.,"[""El comerciante Paul Durand-Ruel"", ""Papa Pío IX"", ""El estado francés"", ""El rey de Inglaterra""]",0,,,,,,
course_154_impression_soleil_levant_monet,course_154_impression_soleil_levant_monet_q7,trueFalse,"Verdadero o falso: en 2014, un astrofísico logró datar con precisión la escena del cuadro basándose en las mareas y la posición del sol.","En 2014, un astrofísico fechó la escena el 13 de noviembre de 1872 alrededor de las 7:35 a. m., gracias a las mareas y al sol.","[""Verdadero"", ""Falso""]",0,,,,,,
course_154_impression_soleil_levant_monet,course_154_impression_soleil_levant_monet_q8,mcq,"¿Qué pintó Monet en plena industrialización del puerto, lejos de una marina idealizada?","Monet pintó chimeneas, barcos y niebla del puerto de Le Havre en plena industrialización.","[""Chimeneas, barcos y niebla."", ""Pescadores con traje tradicional."", ""Acantilados desiertos"", ""Veleros antiguos""]",0,,,,,,
course_155_nighthawks_hopper,course_155_nighthawks_hopper_q1,mcq,¿Qué evento histórico precedió poco a la finalización de Nighthawks en 1942?,"La pintura se completó poco después del ataque a Pearl Harbor, cuando la nación entró en la guerra.","[""El ataque a Pearl Harbor"", ""El desembarco de Normandía"", ""El fin de la Primera Guerra Mundial"", ""La crisis de 1929""]",0,,,,,,
course_155_nighthawks_hopper,course_155_nighthawks_hopper_q2,mcq,"¿Qué muestra Hopper de Estados Unidos en guerra, en lugar de escenas de batalla?","Hopper muestra el trasfondo emocional: insomnes, café caliente, silencio.","[""La retaguardia emocional, hecha de insomnio y silencio."", ""soldados en batalla"", ""Fábricas de armas en pleno funcionamiento"", ""Desfiles patrióticos""]",0,,,,,,
course_155_nighthawks_hopper,course_155_nighthawks_hopper_q3,trueFalse,Verdadero o falso: El restaurante pintado por Hopper tiene una puerta claramente visible que da a la calle.,"El restaurante no tiene puerta visible, lo que hace que el espacio esté iluminado, expuesto y apartado al mismo tiempo.","[""Verdadero"", ""Falso""]",1,,,,,,
course_155_nighthawks_hopper,course_155_nighthawks_hopper_q4,mcq,¿De quién fue alumno Hopper antes de desarrollar su estilo personal?,"Hopper fue alumno de Robert Henri antes de pintar moteles, gasolineras y ventanas con su fría claridad.","[""Roberto Enrique"", ""Pablo Picasso"", ""Claude Monet"", ""salvador dali""]",0,,,,,,
course_155_nighthawks_hopper,course_155_nighthawks_hopper_q5,mcq,"¿Cómo compone Hopper sus escenas, según el curso?","Hopper construye escenas como decorados de películas, con ángulos agudos y personajes separados unos de otros.","[""Como escenarios de película, con ángulos agudos y personajes separados unos de otros."", ""Como frescos religiosos sobrecargados"", ""Como collages abstractos sin figuración"", ""Como caricaturas políticas""]",0,,,,,,
course_155_nighthawks_hopper,course_155_nighthawks_hopper_q6,trueFalse,Verdadero o falso: Hopper se inspiró en un restaurante real de Greenwich Village para pintar este restaurante.,"Hopper dijo que se inspiró en un restaurante de Greenwich Village, simplificado hasta lo esencial.","[""Verdadero"", ""Falso""]",0,,,,,,
course_155_nighthawks_hopper,course_155_nighthawks_hopper_q7,mcq,¿Qué directores reciclaron después la luz y la soledad de Nighthawks?,"Ridley Scott y Wim Wenders, entre otros, reciclaron la luz de neón y la soledad del cuadro.","[""Ridley Scott y Wim Wenders"", ""Alfred Hitchcock y Charlie Chaplin"", ""Steven Spielberg y George Lucas"", ""Federico Fellini e Ingmar Bergman""]",0,,,,,,
course_155_nighthawks_hopper,course_155_nighthawks_hopper_q8,numericSlider,¿En qué año Hopper completó Nighthawks?,"Edward Hopper completó Nighthawks en 1942, poco después de que Estados Unidos entrara en la guerra.",,,,1942.0,1900.0,1970.0,3.0,
course_157_la_persistance_de_la_memoire_dali,course_157_la_persistance_de_la_memoire_dali_q1,mcq,"¿Dónde está el escenario del cuadro, inspirado en un lugar real donde vivió Dalí?","El escenario recuerda al Cap de Creus y Port Lligat, en Cataluña, donde Dalí vive con Gala.","[""Cabo de Creus, Cataluña"", ""El desierto del Sahara"", ""Los Alpes suizos"", ""Provenza francesa""]",0,,,,,,
course_157_la_persistance_de_la_memoire_dali,course_157_la_persistance_de_la_memoire_dali_q2,mcq,¿Qué simbolizan los relojes blandos del cuadro?,Los relojes ilustran el tiempo lento: el tiempo experimentado no es el de los relojes.,"[""El tiempo interior, experimentado, diferente al tiempo medido por los relojes."", ""La precisión científica del tiempo"", ""La riqueza material de Dalí"", ""El paso de las estaciones""]",0,,,,,,
course_157_la_persistance_de_la_memoire_dali,course_157_la_persistance_de_la_memoire_dali_q3,trueFalse,Verdadero o falso: Dalí pinta estas escenas imposibles con una técnica deliberadamente cruda y descuidada.,"Dalí pinta lo imposible con un acabado renacentista, haciendo la imagen creíble e inquietante.","[""Verdadero"", ""Falso""]",1,,,,,,
course_157_la_persistance_de_la_memoire_dali,course_157_la_persistance_de_la_memoire_dali_q4,mcq,¿Cómo describe el propio Dalí lo que pinta?,"Dalí afirma pintar “fotografías de sueños”, mezclando decoración real e inconsciente.","[""“Fotografías de ensueño”"", ""“Pesadillas sin cabeza ni cola”"", ""“Estudios científicos del tiempo”"", ""“Homenajes al Renacimiento italiano”""]",0,,,,,,
course_157_la_persistance_de_la_memoire_dali,course_157_la_persistance_de_la_memoire_dali_q5,trueFalse,Verdadero o falso: Dalí afirmó haberse inspirado en un Camembert demasiado elaborado para imaginar relojes blandos.,"Dalí afirmó haberse inspirado en un Camembert demasiado elaborado, a medio camino entre el chiste y el método.","[""Verdadero"", ""Falso""]",0,,,,,,
course_157_la_persistance_de_la_memoire_dali,course_157_la_persistance_de_la_memoire_dali_q6,mcq,"¿Qué institución estadounidense adquirió la pintura, contribuyendo a su fama mundial?","La obra fue adquirida por el MoMA, lo que le ayudó a entrar en la cultura popular.","[""El MoMA"", ""El Museo Metropolitano"", ""La Galería Nacional"", ""El Guggenheim""]",0,,,,,,
course_157_la_persistance_de_la_memoire_dali,course_157_la_persistance_de_la_memoire_dali_q7,mcq,"¿Con quién vivía Dalí en Port Lligat, Cataluña, en el momento del cuadro?","Dalí vivió entonces con Gala en Port Lligat, en Cataluña.","[""Gala"", ""Frida Kahlo"", ""Amanda Lear"", ""Coco Chanel""]",0,,,,,,
course_157_la_persistance_de_la_memoire_dali,course_157_la_persistance_de_la_memoire_dali_q8,numericSlider,¿En qué año pintó Dalí La persistencia de la memoria?,Dalí pintó el cuadro en 1931.,,,,1931.0,1900.0,1960.0,3.0,
course_18_la_grande_depression_1929,course_18_la_grande_depression_1929_q1,mcq,"¿En qué día de 1929 se desplomó la Bolsa de Valores de Nueva York, lo que desencadenó la Gran Depresión?","El 24 de octubre de 1929, apodado Jueves Negro, la Bolsa de Nueva York colapsó y desencadenó la Gran Depresión.","[""24 de octubre, “Jueves Negro”"", ""1 de enero, día de Año Nuevo"", ""14 de julio, fiesta nacional francesa"", ""11 de noviembre, armisticio de 1918""]",0,,,,,,
course_18_la_grande_depression_1929,course_18_la_grande_depression_1929_q2,percentageSlider,¿Qué proporción de estadounidenses estaban desempleados en el apogeo de la Gran Depresión?,Alrededor del 25% de los estadounidenses se encuentran desempleados durante la crisis.,,,,25.0,0.0,100.0,5.0,%
course_18_la_grande_depression_1929,course_18_la_grande_depression_1929_q3,mcq,¿Qué mecanismo alimentó la burbuja especulativa de los locos años veinte antes del colapso?,Pedimos préstamos para comprar acciones apostando a su subida: este sistema de compra con margen multiplica las pérdidas cuando el mercado colapsa.,"[""Comprar acciones con margen, pedir prestado para comprar valores"", ""Impresión masiva de dinero por parte del estado."", ""La continua caída de los precios agrícolas"", ""La prohibición del crédito al consumo""]",0,,,,,,
course_18_la_grande_depression_1929,course_18_la_grande_depression_1929_q4,trueFalse,"Verdadero o falso: entre 1929 y 1932, la bolsa estadounidense perdió casi el 90% de su valor.",El mercado de valores estadounidense perdió aproximadamente el 89% de su valor entre 1929 y 1932.,"[""Verdadero"", ""Falso""]",0,,,,,,
course_18_la_grande_depression_1929,course_18_la_grande_depression_1929_q5,mcq,¿Cuáles son las “corridas bancarias” que afectaron a los bancos estadounidenses después de la crisis?,"Los clientes, presas del pánico, se apresuran a retirar su dinero, lo que provocó la quiebra de unos 9.000 bancos estadounidenses.","[""Oleadas de clientes que retiran su dinero presas del pánico"", ""Robos organizados por bandas"", ""Auditorías obligatorias impuestas por el Estado"", ""Fusiones forzadas entre grandes bancos""]",0,,,,,,
course_18_la_grande_depression_1929,course_18_la_grande_depression_1929_q6,chronological,Coloque estos acontecimientos de la Gran Depresión en orden cronológico.,"La crisis de octubre de 1929 provocó una cadena de quiebras bancarias, luego la crisis allanó el camino para Hitler y la respuesta del New Deal, ambos a principios de 1933.",,,"[""Jueves negro en Wall Street"", ""Una ola de quiebras bancarias en Estados Unidos"", ""El ascenso de Hitler al poder en Alemania"", ""El lanzamiento del New Deal por parte de Roosevelt""]",,,,,
course_18_la_grande_depression_1929,course_18_la_grande_depression_1929_q7,mcq,¿Qué sistema monetario está propagando la crisis económica estadounidense a Europa?,"Para mantener sus reservas de oro, los bancos centrales europeos aumentan sus tipos de interés, lo que empeora aún más la recesión.","[""El patrón oro, que empuja a los bancos centrales a subir sus tipos de interés"", ""El franco oro, la moneda única europea"", ""El sistema de Bretton Woods"", ""La unión aduanera europea""]",0,,,,,,
course_18_la_grande_depression_1929,course_18_la_grande_depression_1929_q8,mcq,¿Quién aprovechó el desempleo masivo en Alemania para llegar al poder en enero de 1933?,"Con un desempleo del 30% en Alemania, Hitler explotó la desesperación popular contra la frágil República de Weimar.","[""Adolf Hitler"", ""Franklin D. Roosevelt"", ""Herbert Hoover"", ""Winston Churchil""]",0,,,,,,
course_18_la_grande_depression_1929,course_18_la_grande_depression_1929_q9,mcq,¿Qué política lanzó Franklin D. Roosevelt para responder a la crisis?,"Elegido en 1932, Roosevelt lanzó el New Deal: grandes obras, regulación bancaria e inicio de la protección social, para reactivar la economía.","[""El New Deal, que acaba con el laissez-faire y reactiva la economía a través del Estado"", ""Colectivización de tierras agrícolas."", ""Restauración del patrón oro"", ""Una alianza militar con Alemania""]",0,,,,,,
course_201_la_naissance_du_conflit_israelo_palestin,course_201_la_naissance_du_conflit_israelo_palestin_q1,mcq,¿Quién teorizó el sionismo político moderno en 1897?,"Theodor Herzl teorizó sobre el sionismo político durante el Congreso de Basilea de 1897, en respuesta al aumento del antisemitismo en Europa.","[""Theodor Herzl"", ""David Ben Gurión"", ""Chaim Weizmann"", ""Arturo Balfour""]",0,,,,,,
course_201_la_naissance_du_conflit_israelo_palestin,course_201_la_naissance_du_conflit_israelo_palestin_q2,numericSlider,¿En qué año el gobierno británico emitió la Declaración Balfour?,"La Declaración Balfour, emitida en 1917, prometía un “hogar nacional para el pueblo judío” en Palestina.",,,,1917.0,1880.0,1950.0,2.0,
course_201_la_naissance_du_conflit_israelo_palestin,course_201_la_naissance_du_conflit_israelo_palestin_q3,percentageSlider,"¿Qué proporción de la población palestina era judía en 1918, antes de la gran ola de inmigración de los años treinta?","La población judía de Palestina era aproximadamente el 8% del total en 1918, antes de superar el 30% a finales de los años treinta.",,,,8.0,0.0,100.0,5.0,%
course_201_la_naissance_du_conflit_israelo_palestin,course_201_la_naissance_du_conflit_israelo_palestin_q4,trueFalse,"Verdadero o falso: en 1947, tanto los líderes sionistas como los líderes árabes aceptaron el plan de partición de la ONU.","Los líderes sionistas aceptan el plan de partición de la ONU, pero los árabes lo rechazan: estalla una guerra civil casi de inmediato.","[""Verdadero"", ""Falso""]",1,,,,,,
course_201_la_naissance_du_conflit_israelo_palestin,course_201_la_naissance_du_conflit_israelo_palestin_q5,chronological,Pon estos eventos en orden cronológico.,"Estas cuatro fechas (1897, 1917, 1947, 1948) marcan medio siglo, desde el nacimiento del sionismo político hasta la creación del Estado de Israel y el éxodo palestino.",,,"[""Congreso de Basilea"", ""Declaración Balfour"", ""Plan de intercambio de la ONU"", ""La independencia israelí y la Nakba""]",,,,,
course_201_la_naissance_du_conflit_israelo_palestin,course_201_la_naissance_du_conflit_israelo_palestin_q6,mcq,¿Cómo llaman los palestinos al éxodo de 1948?,Nakba significa “catástrofe” en árabe: el término se refiere al éxodo de cientos de miles de palestinos en 1948.,"[""La Nakba"", ""Aliá"", ""La Intifada"", ""el mandato""]",0,,,,,,
course_201_la_naissance_du_conflit_israelo_palestin,course_201_la_naissance_du_conflit_israelo_palestin_q7,mcq,¿Qué organización creó la ONU en 1949 para ayudar a los refugiados palestinos?,"La UNRWA fue creada en 1949 para hacerse cargo de los refugiados palestinos, en una situación que se suponía era temporal.","[""OOPS"", ""UNESCO"", ""ACNUR"", ""La Liga Árabe""]",0,,,,,,
course_201_la_naissance_du_conflit_israelo_palestin,course_201_la_naissance_du_conflit_israelo_palestin_q8,numericSlider,¿Aproximadamente cuántos miles de palestinos huyeron o fueron expulsados ​​de sus hogares durante la Nakba de 1948?,Entre 700.000 y 750.000 palestinos huyeron o fueron expulsados ​​de sus hogares durante la guerra de 1948.,,,,725.0,200.0,1200.0,100.0,miles
course_201_la_naissance_du_conflit_israelo_palestin,course_201_la_naissance_du_conflit_israelo_palestin_q9,mcq,"¿Quién acepta el plan de partición de la ONU de 1947, a diferencia de los líderes árabes?","Los líderes sionistas aceptaron el plan de partición de la ONU en 1947, mientras que los líderes árabes lo rechazaron.","[""Líderes sionistas"", ""Los británicos"", ""Las propias Naciones Unidas"", ""refugiados palestinos""]",0,,,,,,
course_203_les_tensions_autour_de_taiwan,course_203_les_tensions_autour_de_taiwan_q1,mcq,¿Quién dirigió a los nacionalistas del Kuomintang que se refugiaron en Taiwán en 1949?,"Chiang Kai-shek encabezó a los nacionalistas del Kuomintang, aplastados por la victoria comunista, que se refugiaron en la isla de Taiwán en 1949.","[""Chiang Kai-shek"", ""Mao Tse Tung"", ""Deng Xiao Ping"", ""Sun Yat-sen""]",0,,,,,,
course_203_les_tensions_autour_de_taiwan,course_203_les_tensions_autour_de_taiwan_q2,numericSlider,¿Aproximadamente cuántos millones de habitantes tiene Taiwán?,"Taiwán tiene alrededor de 23 millones de habitantes, una población que debe lidiar con el aislamiento diplomático de la isla.",,,,23.0,5.0,60.0,5.0,millones de habitantes
course_203_les_tensions_autour_de_taiwan,course_203_les_tensions_autour_de_taiwan_q3,mcq,¿Qué perdió Taiwán en 1971 ante Beijing?,"En 1971, la ONU despojó a Taipei de su asiento como representante legítimo de China y se lo entregó a Beijing, aislando diplomáticamente a la isla.","[""Su sede en la ONU"", ""Su apoyo militar estadounidense"", ""Su reconocimiento diplomático por parte de Estados Unidos"", ""Su independencia oficial""]",0,,,,,,
course_203_les_tensions_autour_de_taiwan,course_203_les_tensions_autour_de_taiwan_q4,numericSlider,¿En qué año se fundó TSMC en Taiwán?,TSMC nació en 1987 y se convirtió en el corazón de la industria mundial de semiconductores.,,,,1987.0,1970.0,2010.0,3.0,
course_203_les_tensions_autour_de_taiwan,course_203_les_tensions_autour_de_taiwan_q5,percentageSlider,¿Cuánto fabrica TSMC de los chips electrónicos más avanzados del mundo?,"TSMC fabrica más del 90% de los chips electrónicos más avanzados del mundo, creando un auténtico ""escudo de silicio"".",,,,90.0,0.0,100.0,8.0,%
course_203_les_tensions_autour_de_taiwan,course_203_les_tensions_autour_de_taiwan_q6,mcq,"¿Qué pasó en Taiwán en 1996, que marcó una ruptura con el modelo autoritario chino?","En 1996, Taiwán celebró sus primeras elecciones por sufragio universal directo, convirtiéndose en una de las democracias más liberales de Asia.","[""Las primeras elecciones por sufragio universal directo"", ""La declaración oficial de independencia."", ""La fundación de TSMC"", ""Pérdida de asiento en la ONU""]",0,,,,,,
course_203_les_tensions_autour_de_taiwan,course_203_les_tensions_autour_de_taiwan_q7,trueFalse,Verdadero o falso: Estados Unidos reconoce oficialmente a Taiwán como un estado independiente.,"Estados Unidos reconoce oficialmente a Beijing, pero practica una ambigüedad estratégica que, no obstante, le permite armar a Taiwán.","[""Verdadero"", ""Falso""]",1,,,,,,
course_203_les_tensions_autour_de_taiwan,course_203_les_tensions_autour_de_taiwan_q8,mcq,¿Cómo se llama la política estadounidense que nunca especifica si Estados Unidos defendería militarmente a Taiwán en caso de un ataque?,"Desde 1979, Estados Unidos ha practicado la ambigüedad estratégica: ha estado armando a Taiwán sin confirmar jamás una intervención militar directa.","[""Ambigüedad estratégica"", ""La doctrina Monroe"", ""la contención"", ""Diplomacia panda""]",0,,,,,,
course_203_les_tensions_autour_de_taiwan,course_203_les_tensions_autour_de_taiwan_q9,chronological,Coloque estos acontecimientos de la historia de Taiwán en orden cronológico.,"Desde la derrota del Kuomintang hasta sus primeras elecciones democráticas, Taiwán construyó una identidad distinta de la China continental en medio siglo.",,,"[""Retirada de los nacionalistas del Kuomintang en la isla de Taiwán"", ""Sede china en la ONU trasladada a Beijing"", ""Fundación de TSMC"", ""Primeras elecciones en Taiwán por sufragio universal directo""]",,,,,
course_206_le_canal_de_suez_pourquoi_il_est_strateg,course_206_le_canal_de_suez_pourquoi_il_est_strateg_q1,numericSlider,"¿Cuánto mide el Canal de Suez, en kilómetros?",El Canal de Suez se extiende a lo largo de 193 kilómetros y conecta el Mar Mediterráneo con el Mar Rojo.,,,,193.0,100.0,300.0,20.0,km
course_206_le_canal_de_suez_pourquoi_il_est_strateg,course_206_le_canal_de_suez_pourquoi_il_est_strateg_q2,numericSlider,¿En qué año se inauguró el Canal de Suez?,"El Canal de Suez fue inaugurado en 1869, tras diez años de trabajos realizados bajo la dirección de Ferdinand de Lesseps.",,,,1869.0,1800.0,1900.0,5.0,
course_206_le_canal_de_suez_pourquoi_il_est_strateg,course_206_le_canal_de_suez_pourquoi_il_est_strateg_q3,mcq,¿Quién lidera la perforación del Canal de Suez?,El ingeniero francés Ferdinand de Lesseps dirigió la perforación del istmo de Suez entre 1859 y 1869.,"[""Fernando de Lesseps"", ""Gamal Abdel Nasser"", ""Mahoma Alí"", ""Thomas Cook""]",0,,,,,,
course_206_le_canal_de_suez_pourquoi_il_est_strateg,course_206_le_canal_de_suez_pourquoi_il_est_strateg_q4,numericSlider,¿En qué año el presidente egipcio Nasser nacionalizó el canal de Suez?,"Nasser nacionalizó la empresa del canal el 26 de julio de 1956, lo que desencadenó la crisis de Suez.",,,,1956.0,1930.0,1980.0,3.0,
course_206_le_canal_de_suez_pourquoi_il_est_strateg,course_206_le_canal_de_suez_pourquoi_il_est_strateg_q5,trueFalse,"Verdadero o falso: la crisis de Suez de 1956 acabó con una humillante retirada de Francia y el Reino Unido, bajo presión de Estados Unidos.","Bajo la presión del presidente estadounidense Eisenhower, Francia y el Reino Unido se vieron obligados a una retirada humillante, consagrando el triunfo de Nasser.","[""Verdadero"", ""Falso""]",0,,,,,,
course_206_le_canal_de_suez_pourquoi_il_est_strateg,course_206_le_canal_de_suez_pourquoi_il_est_strateg_q6,percentageSlider,¿Cuánto del comercio mundial pasa hoy por el Canal de Suez?,Alrededor del 12% del comercio mundial pasa cada año por el Canal de Suez.,,,,12.0,0.0,100.0,5.0,%
course_206_le_canal_de_suez_pourquoi_il_est_strateg,course_206_le_canal_de_suez_pourquoi_il_est_strateg_q7,mcq,¿Qué buque portacontenedores gigante bloqueará el Canal de Suez en marzo de 2021?,"El gigante portacontenedores Ever Given encalló al otro lado del canal en marzo de 2021, bloqueando todo el tráfico.","[""El siempre dado"", ""El Titanic"", ""La Costa Concordia"", ""la reina maria""]",0,,,,,,
course_206_le_canal_de_suez_pourquoi_il_est_strateg,course_206_le_canal_de_suez_pourquoi_il_est_strateg_q8,numericSlider,¿Cuántos días bloqueará el Ever Given el Canal de Suez en 2021?,"El Ever Given bloqueó el canal durante seis días, provocando un atasco de más de 400 barcos.",,,,6.0,1.0,20.0,2.0,días
course_206_le_canal_de_suez_pourquoi_il_est_strateg,course_206_le_canal_de_suez_pourquoi_il_est_strateg_q9,mcq,"¿Qué grupo ataca el transporte marítimo comercial en el Mar Rojo desde Yemen entre 2023 y 2024, forzando desvíos a través del sur de África?",Los ataques con misiles hutíes desde Yemen están obligando a muchos armadores a desviar sus flotas hacia el sur de África.,"[""Los hutíes"", ""Al Qaeda"", ""La Hermandad Musulmana"", ""Hezbolá""]",0,,,,,,
course_206_le_canal_de_suez_pourquoi_il_est_strateg,course_206_le_canal_de_suez_pourquoi_il_est_strateg_q10,chronological,Ordena cronológicamente estos acontecimientos de la historia del Canal de Suez.,"Desde su inauguración colonial hasta los ataques hutíes, el Canal de Suez sigue siendo un barómetro del equilibrio de poder global.",,,"[""Inauguración del Canal de Suez"", ""Nacionalización del canal por Nasser"", ""Bloqueo del canal por el portacontenedores Ever Given"", ""Ataques hutíes a barcos en el Mar Rojo""]",,,,,
course_210_la_guerre_en_ukraine_expliquee,course_210_la_guerre_en_ukraine_expliquee_q1,numericSlider,¿En qué año se independizó Ucrania cuando se disolvió la URSS?,"Ucrania se convirtió en un estado soberano en 1991, tras la desintegración de la URSS.",,,,1991.0,1970.0,2010.0,3.0,
course_210_la_guerre_en_ukraine_expliquee,course_210_la_guerre_en_ukraine_expliquee_q2,numericSlider,"¿En qué año Ucrania firmó el Memorando de Budapest, intercambiando su arsenal nuclear por garantías de integridad territorial?","Mediante el Memorando de Budapest de 1994, Ucrania se desarmó a cambio de garantías de integridad territorial.",,,,1994.0,1985.0,2005.0,2.0,
course_210_la_guerre_en_ukraine_expliquee,course_210_la_guerre_en_ukraine_expliquee_q3,mcq,¿Qué acontecimiento de 2014 derrocó a un presidente prorruso y desencadenó la anexión de Crimea por parte de Rusia?,"La revolución de Maidan derrocó al presidente prorruso en 2014; En respuesta, Rusia anexa Crimea ilegalmente.","[""La revolución del Maidán"", ""El Memorando de Budapest"", ""La caída de la URSS"", ""La guerra del Donbass""]",0,,,,,,
course_210_la_guerre_en_ukraine_expliquee,course_210_la_guerre_en_ukraine_expliquee_q4,numericSlider,¿En qué año lanzó Rusia su invasión a gran escala de Ucrania?,"Rusia lanza su invasión a gran escala el 24 de febrero de 2022, lo que desencadena el mayor conflicto en Europa desde 1945.",,,,2022.0,2010.0,2024.0,1.0,
course_210_la_guerre_en_ukraine_expliquee,course_210_la_guerre_en_ukraine_expliquee_q5,trueFalse,Verdadero o falso: el ejército ruso logra tomar Kiev y derrocar al gobierno ucraniano en las primeras semanas de la invasión.,"La Batalla de Kiev terminó con un aplastante fracaso ruso en la primavera de 2022, lo que obligó a Moscú a retirar sus tropas del norte.","[""Verdadero"", ""Falso""]",1,,,,,,
course_210_la_guerre_en_ukraine_expliquee,course_210_la_guerre_en_ukraine_expliquee_q6,mcq,¿Qué respondió Volodymyr Zelensky cuando Estados Unidos le ofreció una evacuación al inicio de la invasión?,"Zelensky se niega a ser evacuado y declara: “Necesito municiones, no un taxi”, convirtiéndose en el símbolo de una nación que se niega a ceder.","[""“Necesito munición, no un taxi”"", ""“Tengo que proteger a mi familia”"", ""“Ucrania se rendirá pronto”"", ""“Gracias, acepto el exilio”""]",0,,,,,,
course_210_la_guerre_en_ukraine_expliquee,course_210_la_guerre_en_ukraine_expliquee_q7,mcq,¿De qué sistema bancario internacional quedarán excluidos los bancos rusos en 2022?,La exclusión de los bancos rusos del sistema SWIFT y la congelación de las reservas del banco central marcan una ruptura histórica en las sanciones occidentales.,"[""RÁPIDO"", ""El FMI"", ""El Banco Mundial"", ""La OMC""]",0,,,,,,
course_210_la_guerre_en_ukraine_expliquee,course_210_la_guerre_en_ukraine_expliquee_q8,percentageSlider,¿De qué porcentaje del gas ruso dependía Europa antes de la guerra?,"Europa dependía en un 40% del gas ruso antes de la guerra, lo que la obligó a iniciar una rápida transición energética.",,,,40.0,0.0,100.0,8.0,%
course_210_la_guerre_en_ukraine_expliquee,course_210_la_guerre_en_ukraine_expliquee_q9,chronological,Ordene cronológicamente estos acontecimientos de la guerra en Ucrania.,"Desde la independencia en 1991 hasta la ampliación de la OTAN, estos hitos trazan tres décadas de tensiones entre Ucrania y Rusia.",,,"[""Independencia de Ucrania"", ""Revolución de Maidan y anexión de Crimea"", ""Invasión rusa a gran escala"", ""Membresía de Finlandia y Suecia en la OTAN""]",,,,,
